,File_Name,#states,#Inputs,L*_MQ_(symbols),L*_MQ_resets,L*_EQ_(symbols),L*_EQ_resets,L*_total_symbols,L*_total_resets,L*_EQ,L*_#states,LIP_MQ_symbols,LIP_MQ_resets,LIP_EQ_symbols,LIP_EQ_resets,LIP_total_symbols,LIP_total_resets,LIP_EQs,LIP_#states,LIP_Rounds,#components,eq_method,cache,eq_symbols_progress,mq_symbols_progress,total_reset_progress,total_symbol_progress,eq_reset_progress
0,2wise_1.txt,6,5,480,155,10770,2131,11250,2286,1,6,105,43,11326,2122,11431,2165,11,6,2,4,rndWalk,True,-0.0516248839368616,0.78125,0.05293088363954501,-0.01608888888888882,0.004223369310182967
1,2wise_1.txt,6,5,480,155,10771,2131,11251,2286,1,6,102,42,11327,2131,11429,2173,11,6,2,4,rndWalk,True,-0.05162009098505238,0.7875,0.049431321084864366,-0.015820815927473086,0.0
2,2wise_1.txt,6,5,480,155,7922,1562,8402,1717,1,6,105,43,8506,1580,8611,1623,11,6,2,4,rndWalk,True,-0.07371875788942184,0.78125,0.05474665113570176,-0.024875029754820366,-0.011523687580025532
3,2wise_1.txt,6,5,480,155,10772,2132,11252,2287,1,6,102,42,11302,2136,11404,2178,11,6,2,4,rndWalk,True,-0.04920163386557741,0.7875,0.047660690861390465,-0.013508709562744414,-0.0018761726078799779
4,2wise_1.txt,6,5,480,155,10771,2131,11251,2286,1,6,102,42,11264,2127,11366,2169,11,6,2,4,rndWalk,True,-0.045771051898616744,0.7875,0.051181102362204745,-0.01022131366100787,0.0018770530267480101
5,2wise_2.txt,4,4,196,68,2674,554,2870,622,1,4,49,22,3087,560,3136,582,8,4,2,3,rndWalk,True,-0.15445026178010468,0.75,0.06430868167202575,-0.09268292682926838,-0.010830324909747224
6,2wise_2.txt,4,4,196,68,2673,553,2869,621,1,4,54,24,3120,561,3174,585,8,4,2,3,rndWalk,True,-0.16722783389450058,0.7244897959183674,0.05797101449275366,-0.10630881840362494,-0.014466546112115841
7,2wise_2.txt,4,4,196,68,2673,553,2869,621,1,4,49,22,3048,556,3097,578,8,4,2,3,rndWalk,True,-0.14029180695847354,0.75,0.06924315619967791,-0.07947019867549665,-0.005424954792043302
8,2wise_2.txt,4,4,196,68,2674,554,2870,622,1,4,52,23,3073,565,3125,588,8,4,2,3,rndWalk,True,-0.1492146596858639,0.7346938775510203,0.054662379421221874,-0.08885017421602792,-0.019855595667870096
9,2wise_2.txt,4,4,196,68,2674,554,2870,622,1,4,49,22,3069,565,3118,587,8,4,2,3,rndWalk,True,-0.1477187733732237,0.75,0.0562700964630225,-0.08641114982578402,-0.019855595667870096
10,2wise_3.txt,4,4,196,68,2673,553,2869,621,1,4,44,20,3102,562,3146,582,8,4,2,3,rndWalk,True,-0.16049382716049387,0.7755102040816326,0.0628019323671497,-0.09654932032066932,-0.016274864376130127
11,2wise_3.txt,4,4,196,68,2673,553,2869,621,1,4,52,23,3030,565,3082,588,8,4,2,3,rndWalk,True,-0.13355780022446684,0.7346938775510203,0.0531400966183575,-0.07424189613105603,-0.02169981916817365
12,2wise_3.txt,4,4,196,68,2674,554,2870,622,1,4,52,23,3179,564,3231,587,8,4,2,3,rndWalk,True,-0.18885564697083024,0.7346938775510203,0.0562700964630225,-0.12578397212543546,-0.018050541516245522
13,2wise_3.txt,4,4,196,68,2672,552,2868,620,1,4,44,20,3055,554,3099,574,8,4,2,3,rndWalk,True,-0.14333832335329344,0.7755102040816326,0.0741935483870968,-0.08054393305439334,-0.0036231884057971175
14,2wise_3.txt,4,4,196,68,2672,552,2868,620,1,4,44,20,3063,553,3107,573,8,4,2,3,rndWalk,True,-0.1463323353293413,0.7755102040816326,0.07580645161290323,-0.08333333333333326,-0.0018115942028984477
15,2wise_4.txt,6,5,480,155,10771,2131,11251,2286,1,6,107,44,11350,2129,11457,2173,11,6,2,4,rndWalk,True,-0.05375545446105279,0.7770833333333333,0.049431321084864366,-0.018309483601457677,0.0009385265133740051
16,2wise_4.txt,6,5,480,155,7922,1562,8402,1717,1,6,109,45,8525,1584,8634,1629,11,6,2,4,rndWalk,True,-0.07611714213582421,0.7729166666666667,0.05125218404193366,-0.027612473220661737,-0.014084507042253502
17,2wise_4.txt,6,5,480,155,10772,2132,11252,2287,1,6,105,43,11288,2140,11393,2183,11,6,2,4,rndWalk,True,-0.04790196806535452,0.78125,0.04547442063839091,-0.012531105581230051,-0.0037523452157599557
18,2wise_4.txt,6,5,480,155,10771,2131,11251,2286,1,6,109,45,11285,2134,11394,2179,11,6,2,4,rndWalk,True,-0.04772073159409529,0.7729166666666667,0.04680664916885391,-0.01270998133499246,-0.001407789770061063
19,2wise_4.txt,6,5,480,155,7922,1562,8402,1717,1,6,105,43,8537,1579,8642,1622,11,6,2,4,rndWalk,True,-0.07763191113355217,0.78125,0.0553290623179965,-0.02856462746965005,-0.010883482714468595
20,2wise_5.txt,18,10,6910,1810,462739,79669,469649,81479,1,18,291,116,463928,79656,464219,79772,24,18,3,8,rndWalk,True,-0.002569483013102447,0.9578871201157743,0.020950183482860596,0.011561825959386707,0.0001631751371298229
21,2wise_5.txt,18,10,6910,1810,464356,79620,471266,81430,1,18,305,120,465465,79619,465770,79739,24,18,3,8,rndWalk,True,-0.0023882538397264064,0.9558610709117221,0.020766302345572862,0.011662203511392688,1.2559658377320204e-05
22,2wise_5.txt,18,10,6910,1810,395649,68887,402559,70697,1,18,293,117,397718,69138,398011,69255,24,18,3,8,rndWalk,True,-0.005229382609333033,0.9575976845151953,0.020396905102055274,0.011297722818270128,-0.0036436482935822134
23,2wise_5.txt,18,10,6910,1810,431615,74201,438525,76011,1,18,293,116,432760,74201,433053,74317,24,18,3,8,rndWalk,True,-0.0026528271723642582,0.9575976845151953,0.022286248043046353,0.012478193945613114,0.0
24,2wise_5.txt,18,10,6910,1810,429993,74248,436903,76058,1,18,310,124,431118,74248,431428,74372,24,18,3,8,rndWalk,True,-0.0026163216610501916,0.9551374819102749,0.022167293381366804,0.012531385685152108,0.0
25,2wise_6.txt,6,5,480,155,10772,2132,11252,2287,1,6,104,43,11370,2142,11474,2185,11,6,2,4,rndWalk,True,-0.05551429632380245,0.7833333333333333,0.044599912549191045,-0.01972982580874505,-0.004690431519699834
26,2wise_6.txt,6,5,480,155,10771,2131,11251,2286,1,6,102,42,11261,2136,11363,2178,11,6,2,4,rndWalk,True,-0.04549252622783406,0.7875,0.047244094488189003,-0.00995467069593814,-0.002346316283434957
27,2wise_6.txt,6,5,480,155,10771,2131,11251,2286,1,6,104,43,11256,2127,11360,2170,11,6,2,4,rndWalk,True,-0.04502831677652952,0.7833333333333333,0.05074365704286965,-0.00968802773086841,0.0018770530267480101
28,2wise_6.txt,6,5,480,155,10772,2132,11252,2287,1,6,104,43,11357,2135,11461,2178,11,6,2,4,rndWalk,True,-0.05430746379502405,0.7833333333333333,0.047660690861390465,-0.01857447564877357,-0.0014071294559099279
29,2wise_6.txt,6,5,480,155,10771,2131,11251,2286,1,6,102,42,11318,2138,11420,2180,11,6,2,4,rndWalk,True,-0.05078451397270456,0.7875,0.046369203849518814,-0.015020887032263897,-0.003284842796809073
30,2wise_7.txt,39,14,60940,9562,4054472,517703,4115412,527265,3,39,1266129,47568,4197895,533533,5464024,581101,192,39,1,88,rndWalk,True,-0.035374026507027256,-19.77664916311126,-0.10210425497615061,-0.32769793158011873,-0.030577377376604042
31,2wise_7.txt,39,14,60940,9562,4604220,574249,4665160,583811,3,39,2481029,115962,4410919,547240,6891948,663202,493,39,1,233,rndWalk,True,0.041983441277784306,-39.71265178864457,-0.13598750280484606,-0.4773229642713219,0.04703360388960187
32,2wise_7.txt,39,14,60940,9562,4544014,552173,4604954,561735,3,39,2608411,93097,4876273,587277,7484684,680374,454,39,1,216,rndWalk,True,-0.07312015323896448,-41.80293731539219,-0.21120101115294587,-0.6253547809598099,-0.06357427835116902
33,2wise_7.txt,39,14,60940,9562,5870572,716903,5931512,726465,3,39,1802671,76972,5799177,708685,7601848,785657,212,39,1,96,rndWalk,True,0.012161506578916015,-28.581079750574336,-0.08147949316209324,-0.2816037462286176,0.011463196555182464
34,2wise_7.txt,39,14,61384,9562,5552882,666430,5614266,675992,3,39,11386239,428204,5635231,668664,17021470,1096868,1752,39,1,844,rndWalk,True,-0.014829956768395158,-184.4919685911638,-0.6226050012426183,-2.0318246410127343,-0.0033521900274597893
35,2wise_8.txt,18,10,6910,1810,464354,79618,471264,81428,1,18,296,118,465492,79618,465788,79736,24,18,3,8,rndWalk,True,-0.00245071647923778,0.9571635311143271,0.020779093186618858,0.01161981394717182,0.0
36,2wise_8.txt,18,10,6910,1810,462742,79670,469652,81480,1,18,291,116,463848,79675,464139,79791,24,18,3,8,rndWalk,True,-0.002390100747284629,0.9578871201157743,0.020729013254786488,0.011738478703380406,-6.275888038165256e-05
37,2wise_8.txt,18,10,6910,1810,431613,74201,438523,76011,1,18,310,122,432622,74204,432932,74326,24,18,3,8,rndWalk,True,-0.0023377423756929527,0.9551374819102749,0.022167844127823577,0.012749616325711588,-4.043072195791808e-05
38,2wise_8.txt,18,10,6910,1810,431615,74202,438525,76012,1,18,296,118,432776,74207,433072,74325,24,18,3,8,rndWalk,True,-0.002689897246388462,0.9571635311143271,0.022193864126716867,0.012434866883301976,-6.738362847369395e-05
39,2wise_8.txt,18,10,6910,1810,462733,79667,469643,81477,1,18,298,118,463727,79662,464025,79780,24,18,3,8,rndWalk,True,-0.0021481070077129516,0.9568740955137482,0.020827963719822762,0.011962277730105608,6.276124367676772e-05
40,2wise_9.txt,26,13,36888,5805,2192754,275295,2229642,281100,3,26,1244134,53366,2337595,292014,3581729,345380,226,26,2,101,rndWalk,True,-0.06605437728080754,-32.72733680329647,-0.22867307008182136,-0.6064143929832682,-0.060731215605078104
41,2wise_9.txt,26,13,36502,5805,1863274,241403,1899776,247208,3,26,4523822,186646,1873260,241717,6397082,428363,586,26,1,272,rndWalk,True,-0.005359383536720941,-122.93353788833488,-0.7328039545645773,-2.367282248012397,-0.001300729485549157
42,2wise_9.txt,26,13,36888,5805,1933804,248835,1970692,254640,3,26,6397852,251655,1929038,243489,8326890,495144,950,26,2,444,rndWalk,True,0.002464572417887223,-172.43992626328344,-0.9444863336475025,-3.225363476382915,0.021484115980468954
43,2wise_9.txt,26,13,36888,5805,1738351,221459,1775239,227264,3,26,3472428,130145,1782716,223537,5255144,353682,559,26,2,262,rndWalk,True,-0.025521313014460256,-93.13435263500325,-0.5562605604055195,-1.96024591618368,-0.00938322669207392
44,2wise_9.txt,26,13,38265,5998,2215041,277941,2253306,283939,3,26,18737038,699132,2262816,274535,20999854,973667,2028,26,1,961,rndWalk,True,-0.021568449523056143,-488.6651770547498,-2.4291414705271204,-8.319574882417212,0.012254399314962527
45,2wise_10.txt,12,9,3573,981,162940,29007,166513,29988,1,12,538,190,163981,29006,164519,29196,23,12,2,8,rndWalk,True,-0.006388854793175414,0.8494262524489224,0.026410564225690325,0.011975040987790786,3.447443720483445e-05
46,2wise_10.txt,12,9,3573,981,198352,35036,201925,36017,1,12,545,192,199468,35046,200013,35238,23,12,2,8,rndWalk,True,-0.005626361216423348,0.8474671144696333,0.02162867534775248,0.009468862201312378,-0.0002854207101268269
47,2wise_10.txt,12,9,3573,981,150648,26879,154221,27860,1,12,540,190,151853,26908,152393,27098,23,12,2,8,rndWalk,True,-0.007998778609739299,0.8488664987405541,0.027351040918880076,0.011853119873428408,-0.0010789091856096
48,2wise_10.txt,12,9,3573,981,196065,34599,199638,35580,1,12,529,186,197101,34611,197630,34797,23,12,2,8,rndWalk,True,-0.005283961951393579,0.85194514413658,0.022006745362563196,0.010058205351686555,-0.0003468308332610359
49,2wise_10.txt,12,9,3573,981,152941,27319,156514,28300,1,12,542,191,154090,27342,154632,27533,23,12,2,8,rndWalk,True,-0.007512700976193498,0.8483067450321858,0.027102473498233248,0.012024483432791944,-0.0008419049013506097
50,2wise_11.txt,4,4,196,68,2673,553,2869,621,1,4,51,23,3074,552,3125,575,8,4,2,3,rndWalk,True,-0.15001870557426122,0.7397959183673469,0.07407407407407407,-0.08922969675845249,0.001808318264014508
51,2wise_11.txt,4,4,196,68,2673,553,2869,621,1,4,51,23,3156,558,3207,581,8,4,2,3,rndWalk,True,-0.18069584736251398,0.7397959183673469,0.06441223832528176,-0.11781108400139417,-0.009041591320072317
52,2wise_11.txt,4,4,196,68,2671,552,2867,620,1,4,49,22,3063,552,3112,574,8,4,2,3,rndWalk,True,-0.1467615125421191,0.75,0.0741935483870968,-0.0854551796302756,0.0
53,2wise_11.txt,4,4,196,68,2673,553,2869,621,1,4,49,22,3083,557,3132,579,8,4,2,3,rndWalk,True,-0.15338570894126446,0.75,0.06763285024154586,-0.09166957127919129,-0.00723327305605781
54,2wise_11.txt,4,4,196,68,2673,553,2869,621,1,4,49,22,3076,566,3125,588,8,4,2,3,rndWalk,True,-0.1507669285447064,0.75,0.0531400966183575,-0.08922969675845249,-0.02350813743218816
55,2wise_12.txt,8,8,1800,520,59637,11056,61437,11576,1,8,475,165,60557,11064,61032,11229,20,8,2,7,rndWalk,True,-0.015426664654492939,0.7361111111111112,0.02997581202487909,0.0065921187557985705,-0.0007235890014472002
56,2wise_12.txt,8,8,1800,520,69370,12766,71170,13286,1,8,474,165,70355,12806,70829,12971,20,8,2,7,rndWalk,True,-0.014199221565518227,0.7366666666666667,0.023709167544784027,0.0047913446676970395,-0.003133322888923651
57,2wise_12.txt,8,8,1800,520,66613,12357,68413,12877,1,8,479,167,67608,12362,68087,12529,20,8,2,7,rndWalk,True,-0.014937024304565227,0.7338888888888888,0.027024928166498374,0.004765176209200028,-0.0004046289552479543
58,2wise_12.txt,8,8,1800,520,64260,11820,66060,12340,1,8,474,165,65101,11813,65575,11978,20,8,2,7,rndWalk,True,-0.013087457205104291,0.7366666666666667,0.029335494327390577,0.00734181047532545,0.0005922165820643199
59,2wise_12.txt,8,8,1800,520,65447,12177,67247,12697,1,8,479,167,66414,12204,66893,12371,20,8,2,7,rndWalk,True,-0.014775314376518356,0.7338888888888888,0.025675356383397685,0.005264175353547396,-0.0022172949002217113
60,2wise_13.txt,4,4,196,68,2674,554,2870,622,1,4,44,20,3042,559,3086,579,8,4,2,3,rndWalk,True,-0.137621540762902,0.7755102040816326,0.06913183279742763,-0.07526132404181185,-0.00902527075812265
61,2wise_13.txt,4,4,196,68,2674,554,2870,622,1,4,44,20,3174,567,3218,587,8,4,2,3,rndWalk,True,-0.18698578908002994,0.7755102040816326,0.0562700964630225,-0.12125435540069684,-0.023465703971119023
62,2wise_13.txt,4,4,196,68,2674,554,2870,622,1,4,44,20,3029,555,3073,575,8,4,2,3,rndWalk,True,-0.13275991024682132,0.7755102040816326,0.07556270096463025,-0.07073170731707323,-0.0018050541516245744
63,2wise_13.txt,4,4,196,68,2674,554,2870,622,1,4,44,20,3094,565,3138,585,8,4,2,3,rndWalk,True,-0.15706806282722519,0.7755102040816326,0.059485530546623755,-0.09337979094076654,-0.019855595667870096
64,2wise_13.txt,4,4,196,68,2674,554,2870,622,1,4,44,20,3108,567,3152,587,8,4,2,3,rndWalk,True,-0.16230366492146597,0.7755102040816326,0.0562700964630225,-0.09825783972125435,-0.023465703971119023
65,2wise_14.txt,4,4,196,68,2674,554,2870,622,1,4,54,24,3136,559,3190,583,8,4,2,3,rndWalk,True,-0.17277486910994755,0.7244897959183674,0.06270096463022512,-0.11149825783972123,-0.00902527075812265
66,2wise_14.txt,4,4,196,68,2674,554,2870,622,1,4,54,24,3046,557,3100,581,8,4,2,3,rndWalk,True,-0.1391174270755422,0.7244897959183674,0.06591639871382637,-0.08013937282229966,-0.005415162454873723
67,2wise_14.txt,4,4,196,68,2671,552,2867,620,1,4,52,23,2990,550,3042,573,8,4,2,3,rndWalk,True,-0.11943092474728556,0.7346938775510203,0.07580645161290323,-0.06103941402162549,0.0036231884057971175
68,2wise_14.txt,4,4,196,68,2672,553,2868,621,1,4,52,23,3033,555,3085,578,8,4,2,3,rndWalk,True,-0.13510479041916157,0.7346938775510203,0.06924315619967791,-0.07566248256624819,-0.003616636528029016
69,2wise_14.txt,4,4,196,68,2670,551,2866,619,1,4,54,24,3012,555,3066,579,8,4,2,3,rndWalk,True,-0.12808988764044948,0.7244897959183674,0.06462035541195477,-0.0697836706210746,-0.007259528130671544
70,2wise_15.txt,26,13,36888,5805,3044436,372020,3081324,377825,3,26,566055,35708,3067076,376161,3633131,411869,214,26,1,98,rndWalk,True,-0.00743651697720038,-14.345234222511387,-0.09010520743730566,-0.17908113525224878,-0.011131121982689063
71,2wise_15.txt,26,13,36888,5805,1823063,239573,1859951,245378,3,26,1388295,55975,1900498,248056,3288793,304031,156,26,1,69,rndWalk,True,-0.04247521890357042,-36.63540988939493,-0.23903120899184116,-0.7682148615743103,-0.03540883154612584
72,2wise_15.txt,26,13,36888,5805,1777663,230750,1814551,236555,3,26,366809,14546,1712979,220710,2079788,235256,51,26,2,19,rndWalk,True,0.03638709924209482,-8.943857080893515,0.005491323370886314,-0.14617224867198542,0.04351029252437699
73,2wise_15.txt,26,13,36502,5805,1872649,243571,1909151,249376,3,26,11371420,455448,1896213,239825,13267633,695273,1741,26,1,829,rndWalk,True,-0.012583244377349923,-310.5286833598159,-1.7880509752341847,-5.949493780219584,0.015379499201464863
74,2wise_15.txt,26,13,36888,5805,1943778,248566,1980666,254371,3,26,1538988,61335,1968859,250242,3507847,311577,154,26,1,67,rndWalk,True,-0.01290322248734177,-40.720559531554976,-0.22489198847352876,-0.7710441841279649,-0.006742675989475533
75,2wise_16.txt,117,19,328970,48058,41765496,4808539,42094466,4856597,3,117,12360741,428205,41496932,4755202,53857673,5183407,1198,117,1,578,rndWalk,True,0.0064302839836979375,-36.57406754415296,-0.06729197419509991,-0.2794478257545778,0.011092142540592875
76,2wise_16.txt,117,19,328176,48058,39467562,4618971,39795738,4667029,3,117,2926045,109518,40477497,4725635,43403542,4835153,569,117,2,270,rndWalk,True,-0.02558898874979909,-7.916084661888743,-0.03602377443979887,-0.09065804986453574,-0.023092589236866745
77,2wise_16.txt,117,19,328970,48058,42076201,4905543,42405171,4953601,3,117,105015376,3607865,41969468,4804226,146984844,8412091,17100,117,1,8434,rndWalk,True,0.0025366596190563584,-318.2247803751102,-0.6981769423899906,-2.466200949879438,0.020653574945729725
78,2wise_16.txt,117,19,328970,48058,40297134,4702726,40626104,4750784,3,117,7521145,285662,41069593,4786324,48590738,5071986,974,117,1,472,rndWalk,True,-0.019169080361893798,-21.862707845700214,-0.06761031442389309,-0.19604720157266375,-0.017776498141716113
79,2wise_16.txt,117,19,330199,48455,51627582,5824124,51957781,5872579,3,117,2341262,102056,51759401,5811015,54100663,5913071,300,117,2,136,rndWalk,True,-0.002553266972681323,-6.090457572554732,-0.006895096685800128,-0.04124275438167779,0.002250810594005226
80,2wise_17.txt,16,11,10901,1947,589922,78429,600823,80376,1,16,4365,808,591574,78480,595939,79288,29,16,2,10,rndWalk,True,-0.0028003702184355994,0.5995780203651041,0.013536379018612488,0.008128849927516058,-0.0006502696706576216
81,2wise_17.txt,16,11,10901,1947,636196,83019,647097,84966,1,16,4345,802,637379,83008,641724,83810,29,16,2,10,rndWalk,True,-0.0018594898427528594,0.6014127144298689,0.013605442176870763,0.008303237381721784,0.00013249978920493177
82,2wise_17.txt,16,11,10901,1947,507984,72025,518885,73972,1,16,3376,674,498184,70311,501560,70985,29,16,2,10,rndWalk,True,0.019291946203029986,0.6903036418677185,0.04038014383820909,0.03338890120161497,0.0237972926067338
83,2wise_17.txt,16,11,10901,1947,471957,66032,482858,67979,1,16,4329,801,474277,66196,478606,66997,29,16,2,10,rndWalk,True,-0.004915702066078165,0.6028804696816805,0.01444563762338369,0.008805901527985438,-0.0024836442936757575
84,2wise_17.txt,16,11,10901,1947,821423,103273,832324,105220,1,16,4104,771,822627,103226,826731,103997,29,16,2,10,rndWalk,True,-0.0014657490720371147,0.6235207779102835,0.011623265538870942,0.006719738947813636,0.00045510443194252126
85,2wise_18.txt,4,4,196,68,2674,554,2870,622,1,4,44,20,3099,568,3143,588,8,4,2,3,rndWalk,True,-0.15893792071802548,0.7755102040816326,0.054662379421221874,-0.09512195121951228,-0.025270758122743597
86,2wise_18.txt,4,4,196,68,2673,553,2869,621,1,4,44,20,3116,556,3160,576,8,4,2,3,rndWalk,True,-0.1657313879536102,0.7755102040816326,0.07246376811594202,-0.10142906936214713,-0.005424954792043302
87,2wise_18.txt,4,4,196,68,2673,553,2869,621,1,4,44,20,3073,559,3117,579,8,4,2,3,rndWalk,True,-0.14964459408903852,0.7755102040816326,0.06763285024154586,-0.08644126873475089,-0.010849909584086825
88,2wise_18.txt,4,4,196,68,2673,553,2869,621,1,4,44,20,3081,556,3125,576,8,4,2,3,rndWalk,True,-0.15263748597081928,0.7755102040816326,0.07246376811594202,-0.08922969675845249,-0.005424954792043302
89,2wise_18.txt,4,4,196,68,2673,553,2869,621,1,4,44,20,3054,559,3098,579,8,4,2,3,rndWalk,True,-0.1425364758698091,0.7755102040816326,0.06763285024154586,-0.07981875217845946,-0.010849909584086825
90,2wise_19.txt,6,5,480,155,10772,2132,11252,2287,1,6,102,42,11215,2129,11317,2171,11,6,2,4,rndWalk,True,-0.04112513924990724,0.7875,0.050721469173589884,-0.005776750799857844,0.0014071294559099279
91,2wise_19.txt,6,5,480,155,7922,1562,8402,1717,1,6,102,42,8481,1585,8583,1627,11,6,2,4,rndWalk,True,-0.07056298914415549,0.7875,0.052417006406523026,-0.02154248988336116,-0.01472471190781044
92,2wise_19.txt,6,5,480,155,7922,1562,8402,1717,1,6,105,43,8635,1592,8740,1635,11,6,2,4,rndWalk,True,-0.09000252461499625,0.78125,0.04775771694816544,-0.04022851701975716,-0.019206145966709443
93,2wise_19.txt,6,5,480,155,10770,2131,11250,2286,1,6,107,44,11220,2133,11327,2177,11,6,2,4,rndWalk,True,-0.04178272980501396,0.7770833333333333,0.0476815398075241,-0.006844444444444431,-0.000938526513373894
94,2wise_19.txt,6,5,480,155,7922,1562,8402,1717,1,6,107,44,8427,1571,8534,1615,11,6,2,4,rndWalk,True,-0.06374652865438013,0.7770833333333333,0.05940594059405946,-0.015710545108307494,-0.005761843790012877
95,2wise_20.txt,27,11,13079,3278,1032400,172652,1045479,175930,1,27,357,140,1033650,172661,1034007,172801,27,27,3,9,rndWalk,True,-0.001210771018984813,0.9727043351938222,0.017785482862502144,0.010972960719440539,-5.212797998277452e-05
96,2wise_20.txt,27,11,13079,3278,808720,136714,821799,139992,1,27,356,140,810776,136955,811132,137095,27,27,3,9,rndWalk,True,-0.0025422890493620454,0.9727807936386574,0.02069403965940908,0.012980059600948612,-0.00176280410199392
97,2wise_20.txt,27,11,13079,3278,968413,161680,981492,164958,1,27,380,145,969649,161675,970029,161820,27,27,3,9,rndWalk,True,-0.0012763149606624946,0.9709457909626118,0.01902302404248357,0.011679157853553557,3.092528451265064e-05
98,2wise_20.txt,27,11,13079,3278,1036232,172585,1049311,175863,1,27,352,138,1037441,172581,1037793,172719,27,27,3,9,rndWalk,True,-0.001166727142184465,0.9730866274179983,0.017877552412957853,0.010976726633000089,2.3176985253670068e-05
99,2wise_20.txt,27,11,13079,3278,1104069,183497,1117148,186775,1,27,349,138,1105314,183491,1105663,183629,27,27,3,9,rndWalk,True,-0.0011276469133723044,0.973316002752504,0.016843796011243528,0.010280643209315099,3.269808225747628e-05
100,3wise_1.txt,28,12,23052,4044,1827971,237004,1851023,241048,1,28,2866,633,1717551,221668,1720417,222301,32,28,2,11,rndWalk,True,0.06040577230163935,0.8756723928509457,0.07777289170621615,0.0705588207169765,0.06470776864525496
101,3wise_1.txt,28,12,23052,4044,2081480,263741,2104532,267785,1,28,2858,631,2084398,263955,2087256,264586,32,28,2,11,rndWalk,True,-0.0014018871187808646,0.8760194343224015,0.01194615082995687,0.008208950968671469,-0.0008114020952374457
102,3wise_1.txt,28,12,23052,4044,1238865,165659,1261917,169703,1,28,2858,631,1242200,166008,1245058,166639,32,28,2,11,rndWalk,True,-0.0026919801592586445,0.8760194343224015,0.01805507268580997,0.013359832698981,-0.0021067373339209716
103,3wise_1.txt,28,12,23052,4044,1824145,235443,1847197,239487,1,28,2847,627,1871933,241879,1874780,242506,32,28,2,11,rndWalk,True,-0.026197478818843933,0.8764966163456533,-0.012606112231561717,-0.01493235426432582,-0.0273357033337156
104,3wise_1.txt,28,12,23052,4044,1687506,218428,1710558,222472,1,28,2858,631,1576283,202990,1579141,203621,32,28,2,11,rndWalk,True,0.06590969158035587,0.8760194343224015,0.08473425869322881,0.07682697692799656,0.07067775193656489
105,3wise_2.txt,16,10,6410,1610,318926,53658,325336,55268,1,16,524,185,320138,53680,320662,53865,24,16,3,8,rndWalk,True,-0.0038002546045163843,0.9182527301092044,0.02538539480350288,0.014366685518971134,-0.00041000410004099486
106,3wise_2.txt,16,10,6410,1610,359343,59968,365753,61578,1,16,506,179,360468,59978,360974,60157,24,16,3,8,rndWalk,True,-0.0031307135522329332,0.9210608424336973,0.023076423397966783,0.013066194945769438,-0.00016675560298828884
107,3wise_2.txt,16,10,6410,1610,389308,65295,395718,66905,1,16,531,189,390613,65349,391144,65538,24,16,3,8,rndWalk,True,-0.003352101677848829,0.9171606864274571,0.02043195575816459,0.011558736271789494,-0.0008270158511372028
108,3wise_2.txt,16,10,6410,1610,342761,57564,349171,59174,1,16,521,184,344236,57660,344757,57844,24,16,3,8,rndWalk,True,-0.0043032900475841185,0.9187207488299531,0.022476087470848727,0.012641370560556253,-0.0016677089847820792
109,3wise_2.txt,16,10,6410,1610,356878,60502,363288,62112,1,16,531,188,358637,60661,359168,60849,24,16,3,8,rndWalk,True,-0.004928855239045182,0.9171606864274571,0.02033423493044817,0.01134086454823724,-0.0026280122971140685
110,3wise_3.txt,16,10,6410,1610,356881,60503,363291,62113,1,16,537,189,358686,60689,359223,60878,24,16,3,8,rndWalk,True,-0.005057708311734244,0.9162246489859595,0.01988311625585626,0.01119763495379733,-0.0030742277242450378
111,3wise_3.txt,16,10,6410,1610,344863,58132,351273,59742,1,16,534,188,345845,58133,346379,58321,24,16,3,8,rndWalk,True,-0.0028475075609735168,0.9166926677067082,0.02378561146262259,0.013932183800064335,-1.7202229408930236e-05
112,3wise_3.txt,16,10,6410,1610,367518,61470,373928,63080,1,16,538,189,368665,61468,369203,61657,24,16,3,8,rndWalk,True,-0.003120935573223571,0.9160686427457099,0.022558655675332884,0.012636122462078236,3.253619651866213e-05
113,3wise_3.txt,16,10,6410,1610,359345,59969,365755,61579,1,16,522,184,360678,60025,361200,60209,24,16,3,8,rndWalk,True,-0.0037095270561715576,0.9185647425897036,0.022247844232611724,0.012453691678856016,-0.0009338158048324274
114,3wise_3.txt,16,10,6410,1610,370990,62591,377400,64201,1,16,531,188,372344,62631,372875,62819,24,16,3,8,rndWalk,True,-0.003649694061834463,0.9171606864274571,0.02152614445257861,0.011989931107578178,-0.0006390695147864278
115,3wise_4.txt,64,17,122553,18513,16388980,1888352,16511533,1906865,1,64,4728,961,16401268,1889930,16405996,1890891,45,64,3,15,rndWalk,True,-0.0007497721029618987,0.9614207730532912,0.008377100633762735,0.006391714203641818,-0.0008356492857264364
116,3wise_4.txt,64,17,122553,18513,13755887,1641912,13878440,1660425,1,64,4946,991,13765439,1643126,13770385,1644117,45,64,3,15,rndWalk,True,-0.0006943936076242441,0.959641950829437,0.00982158182393067,0.00778581742616602,-0.0007393818913559169
117,3wise_4.txt,64,17,122553,18513,16951991,1935996,17074544,1954509,1,64,3894,847,16953850,1935947,16957744,1936794,45,64,3,15,rndWalk,True,-0.00010966263490819195,0.9682259920197792,0.009063657419843052,0.006840592638960086,2.530996964866805e-05
118,3wise_4.txt,64,17,122553,18513,13553234,1589031,13675787,1607544,1,64,4057,868,13555532,1589115,13559589,1589983,45,64,3,15,rndWalk,True,-0.0001695536283075061,0.9668959552193744,0.010924117784645415,0.008496622534410636,-5.286240482416105e-05
119,3wise_4.txt,64,17,122553,18513,14165255,1641581,14287808,1660094,1,64,4904,982,14173341,1642548,14178245,1643530,45,64,3,15,rndWalk,True,-0.000570833352452782,0.959984659698253,0.009977748247990803,0.007668286135983915,-0.0005890662720877682
120,3wise_5.txt,12,7,2163,595,87128,15487,89291,16082,1,12,139,58,87782,15478,87921,15536,15,12,3,5,rndWalk,True,-0.007506197777981782,0.9357374017568192,0.033951001119263746,0.015343091688971966,0.0005811325627945729
121,3wise_5.txt,12,7,2163,595,87127,15486,89290,16081,1,12,137,57,87788,15485,87925,15542,15,12,3,5,rndWalk,True,-0.007586626418905729,0.93666204345816,0.0335178160562154,0.015287266211221895,6.457445434582265e-05
122,3wise_5.txt,12,7,2163,595,87131,15489,89294,16084,1,12,136,55,87865,15509,88001,15564,15,12,3,5,rndWalk,True,-0.008424097049270607,0.9371243643088303,0.032330266102959415,0.0144802562322216,-0.0012912389437664817
123,3wise_5.txt,12,7,2163,595,87128,15487,89291,16082,1,12,147,60,87835,15508,87982,15568,15,12,3,5,rndWalk,True,-0.008114498209530696,0.9320388349514563,0.03196119885586368,0.014659932132017772,-0.0013559759798540405
124,3wise_5.txt,12,7,2163,595,70454,12516,72617,13111,1,12,139,58,71264,12530,71403,12588,15,12,3,5,rndWalk,True,-0.011496863201521546,0.9357374017568192,0.03989016856075056,0.01671784843769364,-0.0011185682326622093
125,3wise_6.txt,12,7,2163,595,87131,15489,89294,16084,1,12,132,55,87973,15525,88105,15580,15,12,3,5,rndWalk,True,-0.009663609966602094,0.9389736477115118,0.03133548868440683,0.013315564315631523,-0.0023242300987798004
126,3wise_6.txt,12,7,2163,595,70457,12518,72620,13113,1,12,140,58,71397,12568,71537,12626,15,12,3,5,rndWalk,True,-0.01334147068424718,0.9352750809061489,0.03713871730343932,0.014913247039383126,-0.0039942482824733005
127,3wise_6.txt,12,7,2163,595,87128,15487,89291,16082,1,12,134,56,87911,15533,88045,15589,15,12,3,5,rndWalk,True,-0.00898677807363879,0.938049006010171,0.030655391120507414,0.01395437390106502,-0.0029702330987280146
128,3wise_6.txt,12,7,2163,595,70457,12518,72620,13113,1,12,144,59,71366,12574,71510,12633,15,12,3,5,rndWalk,True,-0.012901486012745433,0.9334257975034674,0.036604895904827295,0.015285045442027023,-0.0044735580763699545
129,3wise_6.txt,12,7,2163,595,70452,12516,72615,13111,1,12,134,56,71167,12537,71301,12593,15,12,3,5,rndWalk,True,-0.01014875376142621,0.938049006010171,0.03950880939668977,0.018095434827514967,-0.001677852348993314
130,3wise_7.txt,32,13,33137,5421,2177979,277354,2211116,282775,1,32,4394,821,2180133,277502,2184527,278323,33,32,3,11,rndWalk,True,-0.0009889902519721883,0.8673989799921538,0.015743966050747016,0.01202514929112719,-0.0005336140816429857
131,3wise_7.txt,32,13,33137,5421,2205747,283683,2238884,289104,1,32,4394,821,2210496,284191,2214890,285012,33,32,3,11,rndWalk,True,-0.002153012108822905,0.8673989799921538,0.014154076041839603,0.010716946478692035,-0.0017907312034912692
132,3wise_7.txt,32,13,33137,5421,2185455,277006,2218592,282427,1,32,3603,721,2188344,277220,2191947,277941,33,32,3,11,rndWalk,True,-0.0013219215220630076,0.8912695778133205,0.015883750491277437,0.012009869322525235,-0.0007725464430372586
133,3wise_7.txt,32,13,33137,5421,3193907,383583,3227044,389004,1,32,3454,694,3197260,383885,3200714,384579,33,32,3,11,rndWalk,True,-0.0010498114065311537,0.8957660621058032,0.011375204368078484,0.008159169816091771,-0.0007873133063769355
134,3wise_7.txt,32,13,33137,5421,2877574,355865,2910711,361286,1,32,3476,705,2879224,355874,2882700,356579,33,32,3,11,rndWalk,True,-0.0005733996762551374,0.895102151673356,0.013028459447639862,0.00962342190619403,-2.5290489370943803e-05
135,3wise_8.txt,8,5,705,205,11172,2062,11877,2267,1,8,140,52,11801,2106,11941,2158,11,8,2,4,rndWalk,True,-0.05630146795560331,0.801418439716312,0.048081164534627296,-0.005388566136229622,-0.02133850630455858
136,3wise_8.txt,8,5,705,205,15983,2950,16688,3155,1,8,145,54,14569,2582,14714,2636,11,8,2,4,rndWalk,True,0.0884689983107051,0.7943262411347518,0.16450079239302695,0.11828859060402686,0.12474576271186444
137,3wise_8.txt,8,5,705,205,11170,2061,11875,2266,1,8,144,52,11660,2069,11804,2121,11,8,2,4,rndWalk,True,-0.043867502238137845,0.7957446808510639,0.06398940864960279,0.005978947368421084,-0.0038816108685104656
138,3wise_8.txt,8,5,705,205,15983,2950,16688,3155,1,8,145,54,14624,2593,14769,2647,11,8,2,4,rndWalk,True,0.08502784208221237,0.7943262411347518,0.16101426307448496,0.11499280920421862,0.12101694915254235
139,3wise_8.txt,8,5,705,205,11171,2061,11876,2266,1,8,149,54,11776,2081,11925,2135,11,8,2,4,rndWalk,True,-0.05415808790618559,0.7886524822695036,0.05781112091791707,-0.00412596833950829,-0.009704027171276053
140,3wise_9.txt,36,12,22476,5196,2132169,335965,2154645,341161,1,36,367,141,2133783,336034,2134150,336175,28,36,4,9,rndWalk,True,-0.0007569756431127228,0.9836714717921339,0.01461480063664955,0.009512007778543552,-0.00020537853645463677
141,3wise_9.txt,36,12,22476,5196,2132177,335969,2154653,341165,1,36,355,138,2134723,336265,2135078,336403,28,36,4,9,rndWalk,True,-0.0011940847312394975,0.9842053746218188,0.013958055486348209,0.009084989555162681,-0.0008810336667965935
142,3wise_9.txt,36,12,22476,5196,2132162,335962,2154638,341158,1,36,356,140,2133380,335947,2133736,336087,28,36,4,9,rndWalk,True,-0.0005712511525859387,0.9841608827193451,0.014864080572637883,0.009700933521083366,4.464790660851925e-05
143,3wise_9.txt,36,12,22476,5196,2007387,316930,2029863,322126,1,36,364,141,2008628,316925,2008992,317066,28,36,4,9,rndWalk,True,-0.0006182166169252934,0.983804947499555,0.015708139051178738,0.010281974694843932,1.577635439997671e-05
144,3wise_9.txt,36,12,22476,5196,1999869,317017,2022345,322213,1,36,359,144,2001730,317128,2002089,317272,28,36,4,9,rndWalk,True,-0.0009305609517422653,0.9840274070119238,0.01533457681719852,0.01001609517663904,-0.00035013895153879204
145,3wise_10.txt,8,6,1014,294,28875,5313,29889,5607,1,8,78,35,29466,5335,29544,5370,12,8,3,4,rndWalk,True,-0.020467532467532523,0.9230769230769231,0.04226859283039053,0.011542708019672832,-0.0041407867494824835
146,3wise_10.txt,8,6,1014,294,28864,5307,29878,5601,1,8,79,35,29500,5309,29579,5344,12,8,3,4,rndWalk,True,-0.02203436807095338,0.9220907297830375,0.04588466345295483,0.010007363277327763,-0.00037686074995280094
147,3wise_10.txt,8,6,1014,294,28875,5313,29889,5607,1,8,79,34,29715,5376,29794,5410,12,8,3,4,rndWalk,True,-0.029090909090909056,0.9220907297830375,0.035134653112181224,0.0031784268459968956,-0.011857707509881354
148,3wise_10.txt,8,6,1014,294,28870,5311,29884,5605,1,8,76,34,29464,5317,29540,5351,12,8,3,4,rndWalk,True,-0.02057499134049179,0.9250493096646943,0.045316681534344316,0.011511176549324098,-0.0011297307475051088
149,3wise_10.txt,8,6,1014,294,28873,5312,29887,5606,1,8,79,35,29501,5336,29580,5371,12,8,3,4,rndWalk,True,-0.021750424271810953,0.9220907297830375,0.04191937210132002,0.010272024626091558,-0.004518072289156683
150,3wise_11.txt,32,13,33137,5421,2451148,302612,2484285,308033,1,32,4428,828,2456712,303284,2461140,304112,33,32,3,11,rndWalk,True,-0.0022699567712760604,0.8663729365965537,0.012729155642414947,0.009316563920806153,-0.0022206654065271003
151,3wise_11.txt,32,13,33137,5421,2446422,302525,2479559,307946,1,32,4180,791,2448062,302556,2452242,303347,33,32,3,11,rndWalk,True,-0.0006703667641969613,0.8738570178350484,0.014934436557058728,0.011016878404587316,-0.00010247087017600798
152,3wise_11.txt,32,13,33137,5421,2432787,300750,2465924,306171,1,32,4377,816,2435897,301016,2440274,301832,33,32,3,11,rndWalk,True,-0.0012783692119366918,0.8679120016899539,0.014171819016170706,0.01040178042794504,-0.0008844555278471056
153,3wise_11.txt,32,13,33137,5421,2857928,349825,2891065,355246,1,32,4217,801,2860980,350099,2865197,350900,33,32,3,11,rndWalk,True,-0.0010679065392829035,0.8727404411986601,0.012233776031257193,0.008947567764820197,-0.0007832487672407851
154,3wise_11.txt,32,13,33137,5421,3092413,376201,3125550,381622,1,32,3617,719,3094115,376228,3097732,376947,33,32,3,11,rndWalk,True,-0.0005503792669350194,0.8908470893563086,0.012250341961417277,0.008900193565932413,-7.177014415171712e-05
155,3wise_12.txt,78,16,158514,23470,20321725,2309037,20480239,2332507,3,78,1196516,64807,21871134,2491975,23067650,2556782,278,78,1,129,rndWalk,True,-0.07624397043065989,-6.548330115951903,-0.09615190865450773,-0.1263369533919989,-0.07922696777920835
156,3wise_12.txt,78,16,156798,23470,19072843,2181494,19229641,2204964,3,78,10451168,351216,17966449,2049930,28417617,2401146,1250,78,1,605,rndWalk,True,0.05800886632370439,-65.65370731769538,-0.08897288118989688,-0.477802783733716,0.060309127597875545
157,3wise_12.txt,78,16,157942,23470,13055253,1559860,13213195,1583330,3,78,7894403,299250,12852458,1531275,20746861,1830525,951,78,1,456,rndWalk,True,0.015533594025332165,-48.98292411138266,-0.15612348657576125,-0.5701623263714795,0.018325362532534917
158,3wise_12.txt,78,16,158514,23470,17238013,2013116,17396527,2036586,3,78,2213562,77859,18892838,2211431,21106400,2289290,160,78,1,71,rndWalk,True,-0.09599859334135563,-12.964457398084711,-0.12408216495645163,-0.21325365689370068,-0.09851146183329718
159,3wise_12.txt,78,16,157942,23470,17097995,1980030,17255937,2003500,3,78,6029880,189014,16271806,1881270,22301686,2070284,620,78,2,294,rndWalk,True,0.0483208118846683,-37.177812108242264,-0.0333336660843524,-0.2924065496993875,0.04987803215102804
160,3wise_13.txt,36,12,22476,5196,1882612,297901,1905088,303097,1,36,362,140,1884102,297960,1884464,298100,28,36,4,9,rndWalk,True,-0.0007914535762014729,0.9838939313045025,0.01648647132766079,0.010825746632176614,-0.00019805237310377422
161,3wise_13.txt,36,12,22476,5196,1999849,317012,2022325,322208,1,36,332,133,2002352,317255,2002684,317388,28,36,4,9,rndWalk,True,-0.0012515944953843672,0.985228688378715,0.014959280961366561,0.009712088808673136,-0.0007665324971926069
162,3wise_13.txt,36,12,22476,5196,2132172,335967,2154648,341163,1,36,323,130,2133880,336083,2134203,336213,28,36,4,9,rndWalk,True,-0.0008010610776241212,0.9856291155009789,0.014509193552642019,0.009488788888022515,-0.0003452720058816361
163,3wise_13.txt,36,12,22476,5196,2124635,336046,2147111,341242,1,36,370,144,2126279,336134,2126649,336278,28,36,4,9,rndWalk,True,-0.0007737799669118584,0.9835379960847126,0.014546861171837011,0.009530014982923607,-0.0002618689108038197
164,3wise_13.txt,36,12,22476,5196,2132165,335963,2154641,341159,1,36,336,134,2133323,335974,2133659,336108,28,36,4,9,rndWalk,True,-0.000543109937551689,0.98505072076882,0.014805413311681614,0.009738049169211949,-3.274170072309346e-05
165,3wise_14.txt,8,5,705,205,11172,2062,11877,2267,1,8,146,53,11681,2083,11827,2136,11,8,2,4,rndWalk,True,-0.04556032939491583,0.7929078014184398,0.057785619761799745,0.004209817293929441,-0.010184287099902933
166,3wise_14.txt,8,5,705,205,16754,3090,17459,3295,1,8,152,56,17278,3097,17430,3153,11,8,2,4,rndWalk,True,-0.03127611316700496,0.7843971631205674,0.04309559939301977,0.0016610344235065133,-0.0022653721682848182
167,3wise_14.txt,8,5,705,205,11171,2061,11876,2266,1,8,146,53,11891,2105,12037,2158,11,8,2,4,rndWalk,True,-0.06445260048339452,0.7929078014184398,0.04766107678729037,-0.013556753115527176,-0.02134885977680745
168,3wise_14.txt,8,5,705,205,11171,2061,11876,2266,1,8,151,55,11804,2086,11955,2141,11,8,2,4,rndWalk,True,-0.05666457792498436,0.7858156028368795,0.05516328331862308,-0.006652071404513293,-0.012130033964095066
169,3wise_14.txt,8,5,705,205,11171,2061,11876,2266,1,8,151,55,11784,2079,11935,2134,11,8,2,4,rndWalk,True,-0.054874227911556606,0.7858156028368795,0.058252427184465994,-0.004968002694510032,-0.008733624454148492
170,3wise_15.txt,12,7,2163,595,87127,15487,89290,16082,1,12,129,54,87931,15494,88060,15548,15,12,3,5,rndWalk,True,-0.0092279086850231,0.9403606102635229,0.033204825270488736,0.013775338783738378,-0.00045199199328460615
171,3wise_15.txt,12,7,2163,595,70458,12519,72621,13114,1,12,141,58,71374,12595,71515,12653,15,12,3,5,rndWalk,True,-0.013000652871214102,0.9348127600554785,0.03515327131310053,0.015229754478732094,-0.006070772425912585
172,3wise_15.txt,12,7,2163,595,70456,12518,72619,13113,1,12,155,63,71174,12548,71329,12611,15,12,3,5,rndWalk,True,-0.010190757352106283,0.9283402681460934,0.03828262030046514,0.01776394607471876,-0.002396548969483936
173,3wise_15.txt,12,7,2163,595,87122,15485,89285,16080,1,12,138,57,87879,15494,88017,15551,15,12,3,5,rndWalk,True,-0.008688964899795648,0.9361997226074896,0.03289800995024872,0.014201713613708922,-0.0005812076202775796
174,3wise_15.txt,12,7,2163,595,87129,15488,89292,16083,1,12,134,56,87944,15511,88078,15567,15,12,3,5,rndWalk,True,-0.009353946447221873,0.938049006010171,0.03208356649878752,0.013595842852663131,-0.001485020661156966
175,3wise_16.txt,8,6,1014,294,28867,5309,29881,5603,1,8,85,36,29465,5313,29550,5349,12,8,3,4,rndWalk,True,-0.020715696123601246,0.9161735700197239,0.04533285739782256,0.011077273183628389,-0.0007534375588622577
176,3wise_16.txt,8,6,1014,294,28873,5312,29887,5606,1,8,79,35,29559,5355,29638,5390,12,8,3,4,rndWalk,True,-0.02375922141793363,0.9220907297830375,0.038530146271851584,0.008331381537123206,-0.008094879518072196
177,3wise_16.txt,8,6,1014,294,28875,5313,29889,5607,1,8,81,36,29554,5357,29635,5393,12,8,3,4,rndWalk,True,-0.02351515151515149,0.9201183431952663,0.03816657749242014,0.00849810967245479,-0.008281573498964745
178,3wise_16.txt,8,6,1014,294,28875,5313,29889,5607,1,8,83,36,29622,5365,29705,5401,12,8,3,4,rndWalk,True,-0.02587012987012982,0.9181459566074951,0.03673978954877832,0.00615611094382551,-0.009787314135140113
179,3wise_16.txt,8,6,1014,294,28872,5311,29886,5605,1,8,91,39,29507,5314,29598,5353,12,8,3,4,rndWalk,True,-0.021993627043502384,0.9102564102564102,0.04495985727029439,0.009636619152780579,-0.0005648653737526654
180,3wise_17.txt,8,6,1014,294,28873,5312,29887,5606,1,8,93,40,29484,5335,29577,5375,12,8,3,4,rndWalk,True,-0.021161638901395774,0.908284023668639,0.04120585087406348,0.01037240271690032,-0.004329819277108404
181,3wise_17.txt,8,6,1014,294,28875,5313,29889,5607,1,8,76,34,29486,5339,29562,5373,12,8,3,4,rndWalk,True,-0.021160173160173157,0.9250493096646943,0.0417335473515249,0.0109404797751681,-0.004893657067570167
182,3wise_17.txt,8,6,1014,294,28875,5313,29889,5607,1,8,89,38,29434,5337,29523,5375,12,8,3,4,rndWalk,True,-0.019359307359307465,0.9122287968441815,0.04137685036561445,0.012245307638261593,-0.0045172219085263254
183,3wise_17.txt,8,6,1014,294,28872,5311,29886,5605,1,8,74,33,29475,5315,29549,5348,12,8,3,4,rndWalk,True,-0.020885286783042467,0.9270216962524654,0.04585191793041932,0.011276182828080072,-0.0007531538316700725
184,3wise_17.txt,8,6,1014,294,28875,5313,29889,5607,1,8,85,36,29666,5374,29751,5410,12,8,3,4,rndWalk,True,-0.027393939393939304,0.9161735700197239,0.035134653112181224,0.004617083207869133,-0.011481272350837513
185,3wise_18.txt,18,8,4424,1160,238283,40990,242707,42150,1,18,190,76,239022,40978,239212,41054,18,18,3,6,rndWalk,True,-0.003101354272021073,0.9570524412296564,0.026002372479240754,0.014400079107730668,0.00029275433032449616
186,3wise_18.txt,18,8,4424,1160,238285,40990,242709,42150,1,18,202,80,239129,40984,239331,41064,18,18,3,6,rndWalk,True,-0.0035419770442957077,0.9543399638336347,0.025765124555160113,0.013917901684733613,0.00014637716516219257
187,3wise_18.txt,18,8,4424,1160,200096,34429,204520,35589,1,18,209,83,201072,34438,201281,34521,18,18,3,6,rndWalk,True,-0.004877658723812628,0.9527576853526221,0.03000927252802832,0.01583708194797573,-0.0002614075343461142
188,3wise_18.txt,18,8,4424,1160,200094,34428,204518,35588,1,18,203,82,201057,34446,201260,34528,18,18,3,6,rndWalk,True,-0.004812738013133755,0.9541139240506329,0.029785320894683553,0.015930138178546605,-0.0005228302544439956
189,3wise_18.txt,18,8,4424,1160,238285,40990,242709,42150,1,18,191,77,239241,41005,239432,41082,18,18,3,6,rndWalk,True,-0.004012002434059969,0.9568264014466547,0.02533807829181489,0.013501765488712847,-0.0003659429129054814
190,3wise_19.txt,12,7,2163,595,70458,12519,72621,13114,1,12,144,59,71472,12579,71616,12638,15,12,3,5,rndWalk,True,-0.0143915524142042,0.9334257975034674,0.03629708708250723,0.013838972198124466,-0.004792715073088871
191,3wise_19.txt,12,7,2163,595,87129,15488,89292,16083,1,12,132,55,87860,15497,87992,15552,15,12,3,5,rndWalk,True,-0.00838985871523823,0.9389736477115118,0.033016228315612794,0.01455897504815662,-0.0005810950413223104
192,3wise_19.txt,12,7,2163,595,87131,15489,89294,16084,1,12,151,61,88130,15572,88281,15633,15,12,3,5,rndWalk,True,-0.011465494485315197,0.9301895515487748,0.02804028848545137,0.01134454722601741,-0.005358641616631132
193,3wise_19.txt,12,7,2163,595,70456,12518,72619,13113,1,12,142,59,71242,12544,71384,12603,15,12,3,5,rndWalk,True,-0.01115589871692979,0.9343504392048081,0.038892701898878945,0.01700656852889737,-0.0020770091068860186
194,3wise_19.txt,12,7,2163,595,87131,15489,89294,16084,1,12,143,59,88135,15557,88278,15616,15,12,3,5,rndWalk,True,-0.01152287934259899,0.9338881183541378,0.029097239492663518,0.011378144108226795,-0.0043902124088062155
195,3wise_20.txt,112,13,151775,18941,11404825,1141889,11556600,1160830,1,112,58423,7622,11359106,1138207,11417529,1145829,35,112,2,12,rndWalk,True,0.004008741914058311,0.6150683577664307,0.012922650172721206,0.012033902704947863,0.003224481538923629
196,3wise_20.txt,112,13,151775,18941,14279425,1411007,14431200,1429948,1,112,52989,7017,14282169,1411266,14335158,1418283,35,112,2,12,rndWalk,True,-0.0001921646004654498,0.6508713556251029,0.008157639298771668,0.006655163811741249,-0.00018355684982429565
197,3wise_20.txt,112,13,151775,18941,11840579,1195852,11992354,1214793,1,112,51024,6806,11757112,1184940,11808136,1191746,35,112,2,12,rndWalk,True,0.007049232980920972,0.6638181518695437,0.018971956539097556,0.015361287700479842,0.009124874984529852
198,3wise_20.txt,112,13,151775,18941,12105650,1215800,12257425,1234741,1,112,51263,6841,12112772,1217525,12164035,1224366,35,112,2,12,rndWalk,True,-0.0005883203297634143,0.6622434524789985,0.008402571875397391,0.007619055388876528,-0.0014188188846850913
199,3wise_20.txt,112,13,151775,18941,12119194,1219887,12270969,1238828,1,112,52938,7011,12412804,1247091,12465742,1254102,35,112,2,12,rndWalk,True,-0.024226858650830962,0.6512073793444243,-0.012329395202562488,-0.015872666616629783,-0.022300426187015665
200,4wise_1.txt,16,7,3143,791,99261,16631,102404,17422,1,16,171,64,100012,16660,100183,16724,15,16,3,5,rndWalk,True,-0.007565912090347737,0.9455933821189946,0.04006428653426697,0.021688605913831482,-0.0017437315855932667
201,4wise_1.txt,16,7,3143,791,127295,21320,130438,22111,1,16,171,64,117195,19463,117366,19527,15,16,3,5,rndWalk,True,0.07934325778703011,0.9455933821189946,0.11686490886888878,0.10021619466719822,0.08710131332082549
202,4wise_1.txt,16,7,3143,791,132359,22179,135502,22970,1,16,177,66,133697,22311,133874,22377,15,16,3,5,rndWalk,True,-0.010108870571702733,0.943684377982819,0.02581628210709619,0.012014582810585872,-0.005951575814960197
203,4wise_1.txt,16,7,3143,791,99270,16635,102413,17426,1,16,172,65,100571,16784,100743,16849,15,16,3,5,rndWalk,True,-0.01310567140122898,0.9452752147629653,0.033111442671869606,0.016306523585872923,-0.008957018334836198
204,4wise_1.txt,16,7,3143,791,99267,16633,102410,17424,1,16,172,66,100006,16671,100178,16737,15,16,3,5,rndWalk,True,-0.00744456868848653,0.9452752147629653,0.039428374655647414,0.021794746606776716,-0.0022846149221427137
205,4wise_2.txt,56,15,78315,12615,8136069,1012747,8214384,1025362,1,56,2839,630,8140310,1013203,8143149,1013833,37,56,4,12,rndWalk,True,-0.0005212590994496669,0.9637489625231437,0.01124383388500838,0.00867198319435758,-0.0004502605290364059
206,4wise_2.txt,56,15,78315,12615,7879623,980442,7957938,993057,1,56,2905,648,7883690,980800,7886595,981448,37,56,4,12,rndWalk,True,-0.0005161414448382473,0.9629062120921917,0.011690164814305737,0.008965010785457195,-0.0003651414362093597
207,4wise_2.txt,56,15,78315,12615,7750300,972614,7828615,985229,1,56,2896,646,7907437,998842,7910333,999488,37,56,4,12,rndWalk,True,-0.020274957098434854,0.9630211326055034,-0.01447277739490005,-0.010438372560152676,-0.02696650469764994
208,4wise_2.txt,56,15,78315,12615,8180539,1014055,8258854,1026670,1,56,2893,645,8184565,1014489,8187458,1015134,37,56,4,12,rndWalk,True,-0.0004921436105860266,0.963059439443274,0.011236327154781955,0.008644782920245397,-0.00042798467538740503
209,4wise_2.txt,56,15,78315,12615,8491227,1043721,8569542,1056336,1,56,2882,641,8659405,1069715,8662287,1070356,37,56,4,12,rndWalk,True,-0.019806089273081584,0.9631998978484326,-0.01327229214946768,-0.010822632061316728,-0.024905123112402672
210,4wise_3.txt,24,8,6408,1544,281744,45821,288152,47365,1,24,242,91,282906,45897,283148,45988,18,24,3,6,rndWalk,True,-0.0041243114316542595,0.962234706616729,0.02907209965164148,0.01736583469835362,-0.0016586281399357805
211,4wise_3.txt,24,8,6408,1544,227952,37081,234360,38625,1,24,238,91,229609,37283,229847,37374,18,24,3,6,rndWalk,True,-0.007269074191057712,0.9628589263420724,0.03238834951456315,0.019256699095408725,-0.005447533777406255
212,4wise_3.txt,24,8,6408,1544,345570,56172,351978,57716,1,24,233,88,346790,56246,347023,56334,18,24,3,6,rndWalk,True,-0.0035303990508435135,0.9636392009987516,0.023944833321782544,0.014077584394479148,-0.0013173823257139894
213,4wise_3.txt,24,8,6408,1544,345583,56178,351991,57722,1,24,233,88,346743,56245,346976,56333,18,24,3,6,rndWalk,True,-0.00335664659430579,0.9636392009987516,0.024063615259346527,0.014247523374177229,-0.0011926376873510058
214,4wise_3.txt,24,8,6408,1544,345585,56179,351993,57723,1,24,241,91,346594,56234,346835,56325,18,24,3,6,rndWalk,True,-0.002919686907707275,0.9623907615480649,0.024219115430590965,0.014653700499725808,-0.0009790135103864284
215,4wise_4.txt,56,15,78315,12615,8318731,1023790,8397046,1036405,1,56,2909,648,8473062,1049527,8475971,1050175,37,56,4,12,rndWalk,True,-0.018552228699305173,0.9628551363084977,-0.013286311818256458,-0.0093991386971084,-0.025138944510104677
216,4wise_4.txt,56,15,78315,12615,9179277,1113137,9257592,1125752,1,56,2901,651,9183103,1113503,9186004,1114154,37,56,4,12,rndWalk,True,-0.0004168084261972904,0.9629572878758859,0.010302446720059089,0.007732896416260293,-0.000328800498051951
217,4wise_4.txt,56,15,78315,12615,9383936,1122853,9462251,1135468,1,56,2862,636,9805973,1173031,9808835,1173667,37,56,4,12,rndWalk,True,-0.04497441159018978,0.9634552767669029,-0.03364163499103445,-0.03662807084698971,-0.044687951138751014
218,4wise_4.txt,56,15,78315,12615,9263403,1126697,9341718,1139312,1,56,2888,646,9269445,1127443,9272333,1128089,37,56,4,12,rndWalk,True,-0.0006522441051091121,0.9631232841728915,0.009850681814990048,0.007427434653882736,-0.0006621123514130023
219,4wise_4.txt,56,15,78315,12615,9261715,1127319,9340030,1139934,1,56,2872,641,9268559,1128254,9271431,1128895,37,56,4,12,rndWalk,True,-0.000738956014086023,0.9633275873076678,0.00968389397982694,0.007344623090075775,-0.0008294014382796977
220,4wise_5.txt,36,10,15610,3610,1235024,194929,1250634,198539,1,36,246,99,1236136,194972,1236382,195071,22,36,4,7,rndWalk,True,-0.0009003873608934843,0.9842408712363869,0.017467600824019436,0.011395820040075666,-0.00022059313904043698
221,4wise_5.txt,36,10,15610,3610,1074158,169688,1089768,173298,1,36,230,93,1076063,169880,1076293,169973,22,36,4,7,rndWalk,True,-0.00177348211343209,0.9852658552210122,0.01918660342300549,0.012365017141263146,-0.0011314883786714969
222,4wise_5.txt,36,10,15610,3610,1074146,169683,1089756,173293,1,36,238,95,1076036,169882,1076274,169977,22,36,4,7,rndWalk,True,-0.0017595373440855155,0.9847533632286996,0.019135221849699624,0.012371576756631808,-0.0011727751159515964
223,4wise_5.txt,36,10,15610,3610,1235026,194930,1250636,198540,1,36,228,93,1236410,195004,1236638,195097,22,36,4,7,rndWalk,True,-0.0011206241811914097,0.9853939782190904,0.01734159363352472,0.011192705151618854,-0.00037962345457343005
224,4wise_5.txt,36,10,15610,3610,1235000,194919,1250610,198529,1,36,216,88,1236042,194910,1236258,194998,22,36,4,7,rndWalk,True,-0.0008437246963561851,0.9861627162075592,0.0177858146668749,0.011475999712140528,4.617302571841009e-05
225,4wise_6.txt,24,9,8109,1953,508960,82699,517069,84652,1,24,175,73,509966,82721,510141,82794,19,24,4,6,rndWalk,True,-0.0019765796919208878,0.9784190405722037,0.021948684024004184,0.013398598639639991,-0.00026602498216421466
226,4wise_6.txt,24,9,8109,1953,508939,82690,517048,84643,1,24,163,69,509856,82692,510019,82761,19,24,4,6,rndWalk,True,-0.001801787640562047,0.9798988777901098,0.022234561629431826,0.013594482523866303,-2.418672148984946e-05
227,4wise_6.txt,24,9,8109,1953,508955,82697,517064,84650,1,24,175,73,509795,82696,509970,82769,19,24,4,6,rndWalk,True,-0.0016504406086981227,0.9784190405722037,0.02222090962787948,0.01371977163368554,1.2092337085989335e-05
228,4wise_6.txt,24,9,8109,1953,508952,82696,517061,84649,1,24,178,74,509970,82735,510148,82809,19,24,4,6,rndWalk,True,-0.002000188622895749,0.9780490812677272,0.021736819100048432,0.013369795826797981,-0.0004716068491825709
229,4wise_6.txt,24,9,8109,1953,432613,70346,440722,72299,1,24,173,72,433935,70470,434108,70542,19,24,4,6,rndWalk,True,-0.0030558489920553544,0.9786656801085214,0.02430185756372838,0.015007192742817477,-0.0017627157194439746
230,4wise_7.txt,144,16,295046,42346,27396156,3136306,27691202,3178652,3,144,2520692,140305,28238102,3229210,30758794,3369515,420,144,1,197,rndWalk,True,-0.030732267694781656,-7.543386454993458,-0.060045264470599546,-0.11077857869802843,-0.029622109577317923
231,4wise_7.txt,144,16,294760,42346,31069270,3534299,31364030,3576645,3,144,7349710,299126,31466075,3574935,38815785,3874061,676,144,1,321,rndWalk,True,-0.012771622892974399,-23.93455692766997,-0.08315502377227824,-0.23758920648908965,-0.011497612397819212
232,4wise_7.txt,144,16,295046,42346,38441164,4329153,38736210,4371499,3,144,731645,64246,38272121,4309828,39003766,4374074,174,144,1,78,rndWalk,True,0.004397447486241601,-1.4797658670173464,-0.0005890427974477586,-0.006907129014428692,0.004463921695537221
233,4wise_7.txt,144,16,295046,42346,35846926,4037752,36141972,4080098,3,144,3209871,141840,35966390,4055043,39176261,4196883,192,144,1,85,rndWalk,True,-0.0033326149081793766,-9.8792222229754,-0.02862308699447902,-0.08395471614000471,-0.004282333337956468
234,4wise_7.txt,144,16,294188,42346,35779907,4088666,36074095,4131012,3,144,1943808,96051,33885600,3866376,35829408,3962427,177,144,1,79,rndWalk,True,0.052943318158987895,-5.607366717881082,0.04080961275348505,0.0067829005828143885,0.05436736578629797
235,4wise_8.txt,52,12,44940,7500,3382954,437236,3427894,444736,1,52,14435,2646,3386212,437545,3400647,440191,32,52,2,11,rndWalk,True,-0.0009630636420123739,0.6787939474855362,0.010219545977838584,0.007948612179956571,-0.0007067121645976115
236,4wise_8.txt,52,12,44940,7500,3898538,487964,3943478,495464,1,52,14391,2636,3902812,488462,3917203,491098,32,52,2,11,rndWalk,True,-0.0010963084109991694,0.6797730307076102,0.008811941937254764,0.006662900110004366,-0.0010205670910148346
237,4wise_8.txt,52,12,44940,7500,3254420,411951,3299360,419451,1,52,14401,2637,3258238,412433,3272639,415070,32,52,2,11,rndWalk,True,-0.001173173714517528,0.6795505117935025,0.010444604971736826,0.00809884341205569,-0.0011700420681099999
238,4wise_8.txt,52,12,44940,7500,3715574,469151,3760514,476651,1,52,14397,2636,3716583,469062,3730980,471698,32,52,2,11,rndWalk,True,-0.00027155965673131277,0.6796395193591456,0.010391250621523906,0.007853713614681346,0.00018970438089227493
239,4wise_8.txt,52,12,44940,7500,3142706,399011,3187646,406511,1,52,14408,2639,3182682,403252,3197090,405891,32,52,2,11,rndWalk,True,-0.012720248091931063,0.6793947485536271,0.0015251739805318687,-0.0029626878266908463,-0.010628779657703591
240,4wise_9.txt,56,15,78315,12615,9491269,1149910,9569584,1162525,1,56,2860,635,9495673,1150379,9498533,1151014,37,56,4,12,rndWalk,True,-0.0004640053927456034,0.9634808146587499,0.009901722543601221,0.007424669661711514,-0.00040785800627873847
241,4wise_9.txt,56,15,78315,12615,8030447,1005825,8108762,1018440,1,56,2878,642,8035693,1006381,8038571,1007023,37,56,4,12,rndWalk,True,-0.0006532637597882474,0.9632509736321266,0.01121028239267896,0.00865619190697664,-0.0005527800561728746
242,4wise_9.txt,56,15,78315,12615,8851974,1085407,8930289,1098022,1,56,2878,643,8858606,1086241,8861484,1086884,37,56,4,12,rndWalk,True,-0.0007492114188314414,0.9632509736321266,0.010143694752928423,0.007704677866528176,-0.0007683753651857028
243,4wise_9.txt,56,15,78315,12615,7879662,980451,7957977,993066,1,56,2883,643,7883983,980952,7886866,981595,37,56,4,12,rndWalk,True,-0.000548373775423272,0.9631871289025091,0.011551095294773939,0.008935813712454777,-0.000510989330420486
244,4wise_9.txt,56,15,78315,12615,10447596,1240033,10525911,1252648,1,56,2879,641,10452907,1240668,10455786,1241309,37,56,4,12,rndWalk,True,-0.000508346609114696,0.9632382046862031,0.009052024191951724,0.006662131192255005,-0.0005120831461742359
245,4wise_10.txt,162,16,214288,41488,37096289,5144170,37310577,5185658,1,162,543,205,37097865,5144146,37098408,5144351,38,162,5,12,rndWalk,True,-4.248403391504674e-05,0.9974660270290451,0.007965623648917841,0.005686564429169816,4.665475674459074e-06
246,4wise_10.txt,162,16,214288,41488,32122077,4480701,32336365,4522189,1,162,524,205,32134296,4482830,32134820,4483035,38,162,5,12,rndWalk,True,-0.00038039258793887143,0.997554692749944,0.008658196285029174,0.006232766113321686,-0.000475148866215358
247,4wise_10.txt,162,16,214288,41488,35450844,4936969,35665132,4978457,1,162,527,202,35456185,4937726,35456712,4937928,38,162,5,12,rndWalk,True,-0.00015065931857649595,0.9975406928992757,0.008140875777374434,0.005843802849236579,-0.00015333294578101508
248,4wise_10.txt,162,16,214288,41488,33767548,4687913,33981836,4729401,1,162,550,210,33769565,4687992,33770115,4688202,38,162,5,12,rndWalk,True,-5.973190591146427e-05,0.9974333607108191,0.008711251171131362,0.006230416743815748,-1.685184857302957e-05
249,4wise_10.txt,162,16,214288,41488,33767563,4687915,33981851,4729403,1,162,550,210,33769683,4687996,33770233,4688206,38,162,5,12,rndWalk,True,-6.278214391719494e-05,0.9974333607108191,0.00871082460090633,0.006227382963923889,-1.7278470279435965e-05
250,4wise_11.txt,16,8,4104,1032,197434,33054,201538,34086,1,16,96,43,198241,33062,198337,33105,16,16,4,5,rndWalk,True,-0.0040874418793115375,0.9766081871345029,0.02878014434078502,0.015882860800444543,-0.000242028196284938
251,4wise_11.txt,16,8,4104,1032,197436,33055,201540,34087,1,16,108,48,198315,33099,198423,33147,16,16,4,5,rndWalk,True,-0.004452075609311379,0.9736842105263158,0.027576495438143556,0.015465912473950572,-0.001331114808652334
252,4wise_11.txt,16,8,4104,1032,197438,33056,201542,34088,1,16,111,48,198395,33114,198506,33162,16,16,4,5,rndWalk,True,-0.004847091238768586,0.972953216374269,0.027164984745364884,0.015063857657460988,-0.00175459825750246
253,4wise_11.txt,16,8,4104,1032,197444,33060,201548,34092,1,16,107,46,199018,33270,199125,33316,16,16,4,5,rndWalk,True,-0.007971880634509043,0.9739278752436648,0.02276193828464157,0.012021950106178236,-0.006352087114337657
254,4wise_11.txt,16,8,4104,1032,197423,33051,201527,34083,1,16,107,47,198346,33084,198453,33131,16,16,4,5,rndWalk,True,-0.004675240473501097,0.9739278752436648,0.027931813514068593,0.015253539227994217,-0.0009984569301988433
255,4wise_12.txt,288,20,859220,115220,139589422,15065399,140448642,15180619,1,288,10274,1886,139620561,15069531,139630835,15071417,52,288,4,17,rndWalk,True,-0.0002230756425081193,0.9880426433276693,0.007193514309264959,0.005822818849327116,-0.00027427086398446043
256,4wise_12.txt,288,20,859220,115220,163134790,17017655,163994010,17132875,1,288,9675,1796,163155181,17020370,163164856,17022166,52,288,4,17,rndWalk,True,-0.00012499479724703555,0.9887397872489002,0.0064617876450975276,0.00505600174055143,-0.00015954019516795093
257,4wise_12.txt,288,20,859220,115220,154682058,16694004,155541278,16809224,1,288,9526,1779,154715062,16698139,154724588,16699918,52,288,4,17,rndWalk,True,-0.0002133666982888638,0.9889132003444985,0.006502739210328845,0.005250631925500793,-0.00024769372284794144
258,4wise_12.txt,288,20,859220,115220,143746385,15305450,144605605,15420670,1,288,9539,1788,143790435,15311240,143799974,15313028,52,288,4,17,rndWalk,True,-0.0003064424889711592,0.9888980703428691,0.006980371151188658,0.0055712294139635965,-0.00037829661983157514
259,4wise_12.txt,288,20,859220,115220,143727278,15378794,144586498,15494014,1,288,9532,1775,143790462,15388335,143799994,15390110,52,288,4,17,rndWalk,True,-0.0004396103570540877,0.9889062172668234,0.0067060737133708415,0.005439678053479113,-0.000620399753062495
260,4wise_13.txt,84,16,137232,21520,19871869,2359638,20009101,2381158,1,84,2939,666,19399080,2307198,19402019,2307864,40,84,4,13,rndWalk,True,0.02379187382928094,0.9785837122537018,0.030780821768232047,0.03034029364937485,0.02222374787997139
261,4wise_13.txt,84,16,137232,21520,17291371,2090427,17428603,2111947,1,84,2979,670,16824073,2038821,16827052,2039491,40,84,4,13,rndWalk,True,0.02702492474425544,0.9782922350472193,0.03430767912262955,0.03451515878811395,0.024686822357346094
262,4wise_13.txt,84,16,137232,21520,18619441,2206699,18756673,2228219,1,84,2959,666,19104543,2260488,19107502,2261154,40,84,4,13,rndWalk,True,-0.02605352115565651,0.9784379736504605,-0.01478086310187643,-0.018704223291625244,-0.02437532259723696
263,4wise_13.txt,84,16,137232,21520,16898977,1999685,17036209,2021205,1,84,2954,670,17263037,2045922,17265991,2046592,40,84,4,13,rndWalk,True,-0.021543315906045635,0.9784744083012709,-0.012560329110604895,-0.013487859887137965,-0.02312214173732352
264,4wise_13.txt,84,16,137232,21520,16200251,1953627,16337483,1975147,1,84,3008,684,16511059,2000601,16514067,2001285,40,84,4,13,rndWalk,True,-0.019185381757356623,0.9780809140725195,-0.013233445409379652,-0.010808519280479212,-0.024044507984379848
265,4wise_16.txt,96,15,175342,25570,19039399,2188695,19214741,2214265,3,96,1748313,75643,19565600,2250865,21313913,2326508,202,96,1,92,rndWalk,True,-0.027637479523382025,-8.970874063259231,-0.050690861301605716,-0.10924799871098956,-0.02840505415327388
266,4wise_16.txt,96,15,176607,25570,15451401,1799062,15628008,1824632,3,96,7560548,289844,15395836,1796730,22956384,2086574,893,96,1,426,rndWalk,True,0.0035961140352256393,-41.81001319313504,-0.1435588107629373,-0.46892579015828506,0.001296231035951001
267,4wise_16.txt,96,15,174330,25570,17709934,2040578,17884264,2066148,3,96,44704843,1565217,17291194,1970182,61996037,3535399,5536,96,1,2687,rndWalk,True,0.023644356890319296,-255.43803705615784,-0.7111063679852556,-2.4665131872354378,0.034498068684460925
268,4wise_16.txt,96,15,175342,25570,19344059,2224466,19519401,2250036,3,96,922221,44251,19228185,2206798,20150406,2251049,357,96,2,169,rndWalk,True,0.005990159562685338,-4.259555611319593,-0.000450215018781952,-0.03232706782344397,0.007942580376593789
269,4wise_16.txt,96,15,175342,25570,17077525,1996457,17252867,2022027,3,96,5132750,192172,17488308,2042268,22621058,2234440,448,96,1,209,rndWalk,True,-0.024054012510595024,-28.272792599605342,-0.10504953692507568,-0.3111477646005154,-0.022946149103136193
270,4wise_17.txt,224,15,429315,50415,40732223,3932630,41161538,3983045,1,224,52408,6973,40740418,3933408,40792826,3940381,39,224,3,13,rndWalk,True,-0.00020119206359048292,0.8779264642511908,0.010711402959293737,0.008957682776576492,-0.00019783198521095002
271,4wise_17.txt,224,15,429315,50415,43872992,4200534,44302307,4250949,1,224,62142,8039,43647932,4174501,43710074,4182540,39,224,3,13,rndWalk,True,0.0051298074222975165,0.8552531358093707,0.016092641901843563,0.01336799458321658,0.006197545359709067
272,4wise_17.txt,224,15,429315,50415,43255635,4150175,43684950,4200590,1,224,51771,6922,43173241,4136921,43225012,4143843,39,224,3,13,rndWalk,True,0.0019048154072873746,0.8794102232626393,0.013509292742210022,0.010528522981026689,0.0031936002698681465
273,4wise_17.txt,224,15,429315,50415,49754505,4710791,50183820,4761206,1,224,55927,7378,50187616,4746630,50243543,4754008,39,224,3,13,rndWalk,True,-0.008704960485487634,0.869729685662043,0.0015118018418022183,-0.0011900847723429475,-0.007607851844838809
274,4wise_17.txt,224,15,429315,50415,52098500,4924060,52527815,4974475,1,224,51296,6861,51675159,4889376,51726455,4896237,39,224,3,13,rndWalk,True,0.008125780972580765,0.8805166369681935,0.01572789088295745,0.015255917269736075,0.007043780944992584
275,4wise_18.txt,64,15,95415,14415,11100478,1292079,11195893,1306494,1,64,3477,707,11104907,1292513,11108384,1293220,37,64,4,12,rndWalk,True,-0.0003989918271987136,0.9635591888067914,0.01016001604293626,0.007816169732954736,-0.000335892774358193
276,4wise_18.txt,64,15,95415,14415,10635851,1243130,10731266,1257545,1,64,3474,707,10637626,1243131,10641100,1243838,37,64,4,12,rndWalk,True,-0.00016688838532985528,0.9635906304040245,0.010899808754358697,0.008402177338629024,-8.044210983992883e-07
277,4wise_18.txt,64,15,95415,14415,10301939,1189327,10397354,1203742,1,64,4284,821,10303628,1189296,10307912,1190117,37,64,4,12,rndWalk,True,-0.00016394971859190477,0.9551013991510768,0.011318870655007474,0.008602380951923005,2.6065161221389133e-05
278,4wise_18.txt,64,15,95415,14415,8940167,1063326,9035582,1077741,1,64,4303,826,8947290,1064127,8951593,1064953,37,64,4,12,rndWalk,True,-0.000796741268927148,0.954902269035267,0.011865559536103798,0.009295361383472533,-0.0007532967312000594
279,4wise_18.txt,64,15,95415,14415,11988477,1359822,12083892,1374237,1,64,4490,847,12000678,1361446,12005168,1362293,37,64,4,12,rndWalk,True,-0.0010177272726135111,0.9529424094744013,0.008691368373868524,0.006514788447298248,-0.001194273956444336
280,4wise_19.txt,16,8,4104,1032,197428,33053,201532,34085,1,16,101,44,198372,33118,198473,33162,16,16,4,5,rndWalk,True,-0.004781489960897112,0.9753898635477583,0.027079360422473275,0.015178730921144079,-0.0019665385895379917
281,4wise_19.txt,16,8,4104,1032,197444,33060,201548,34092,1,16,101,44,198978,33250,199079,33294,16,16,4,5,rndWalk,True,-0.007769291545957291,0.9753898635477583,0.02340725096796903,0.012250183579097795,-0.005747126436781658
282,4wise_19.txt,16,8,4104,1032,197440,33057,201544,34089,1,16,101,44,198478,33138,198579,33182,16,16,4,5,rndWalk,True,-0.005257293354943293,0.9753898635477583,0.026606823315438954,0.014711427777557295,-0.0024503130955622066
283,4wise_19.txt,16,8,4104,1032,197438,33057,201542,34089,1,16,103,45,198705,33176,198808,33221,16,16,4,5,rndWalk,True,-0.006417204388212916,0.9749025341130604,0.02546275924785124,0.013565410683629264,-0.0035998426959493735
284,4wise_19.txt,16,8,4104,1032,197440,33057,201544,34089,1,16,124,52,198324,33090,198448,33142,16,16,4,5,rndWalk,True,-0.004477309562398668,0.969785575048733,0.02778022235911881,0.01536140991545265,-0.0009982757055995162
285,4wise_20.txt,52,13,52741,8801,4707115,596227,4759856,605028,1,52,5402,1104,4711154,596671,4716556,597775,33,52,3,11,rndWalk,True,-0.0008580627411907127,0.8975749416962135,0.011987874941325027,0.00909691385621747,-0.0007446828137604999
286,4wise_20.txt,52,13,52741,8801,5884351,716045,5937092,724846,1,52,5392,1104,6014598,729245,6019990,730349,33,52,3,11,rndWalk,True,-0.02213447158403703,0.8977645475057355,-0.007591957464068155,-0.013962727880922232,-0.0184345955910592
287,4wise_20.txt,52,13,52741,8801,4893875,613078,4946616,621879,1,52,5388,1099,4741860,595509,4747248,596608,33,52,3,11,rndWalk,True,0.031062297259329297,0.8978403898295444,0.04063652253895045,0.040303916859525835,0.02865703874547776
288,4wise_20.txt,52,13,52741,8801,4813590,608679,4866331,617480,1,52,5406,1106,4815067,608649,4820473,609755,33,52,3,11,rndWalk,True,-0.0003068395937335655,0.8974990993724048,0.0125105266567338,0.00942352667749069,4.9287062638958545e-05
289,4wise_20.txt,52,13,52741,8801,5305677,657085,5358418,665886,1,52,5373,1096,5308071,657242,5313444,658338,33,52,3,11,rndWalk,True,-0.0004512148025594964,0.8981247985438274,0.011335273605391882,0.008393148873417466,-0.00023893408006570027
290,5wise_1.txt,120,15,186315,27015,20912132,2384206,21098447,2411221,1,120,8231,1478,20929915,2386613,20938146,2388091,37,120,4,12,rndWalk,True,-0.0008503676239228763,0.9558221291898129,0.009592650362617139,0.007597763001229385,-0.001009560415500932
291,5wise_1.txt,120,15,186315,27015,24801346,2756964,24987661,2783979,1,120,8264,1481,24813030,2758467,24821294,2759948,37,120,4,12,rndWalk,True,-0.00047110346349743537,0.9556450097952393,0.008631889823881522,0.006657966105751201,-0.0005451648987799818
292,5wise_1.txt,120,15,186315,27015,21299589,2413260,21485904,2440275,1,120,7559,1386,21303490,2413698,21311049,2415084,37,120,4,12,rndWalk,True,-0.00018314907390926116,0.9594289241338593,0.010323016873098334,0.008138126280374358,-0.00018149722781624078
293,5wise_1.txt,120,15,186315,27015,20982288,2373512,21168603,2400527,1,120,7883,1432,20989651,2374410,20997534,2375842,37,120,4,12,rndWalk,True,-0.0003509150193725663,0.9576899337144084,0.010283158656411717,0.008081260723723727,-0.00037834230456801343
294,5wise_1.txt,120,15,186315,27015,20858136,2408041,21044451,2435056,1,120,6737,1278,20873071,2410095,20879808,2411373,37,120,4,12,rndWalk,True,-0.000716027549154008,0.9638408072350589,0.009725854354068253,0.007823582568155407,-0.0008529755099684344
295,5wise_2.txt,112,16,192528,28688,22630165,2628019,22822693,2656707,1,112,7520,1480,22643883,2630138,22651403,2631618,40,112,4,13,rndWalk,True,-0.0006061820583278532,0.9609407462810604,0.009443645836744508,0.007505249270977843,-0.0008063107610714049
296,5wise_2.txt,112,16,192528,28688,25368691,2938223,25561219,2966911,1,112,7525,1478,25380121,2939649,25387646,2941127,40,112,4,13,rndWalk,True,-0.0004505553715798971,0.9609147760325771,0.008690520207717767,0.006790482097117523,-0.0004853273560243565
297,5wise_2.txt,112,16,192528,28688,24324279,2778073,24516807,2806761,1,112,7572,1493,24328250,2778478,24335822,2779971,40,112,4,13,rndWalk,True,-0.00016325252641613552,0.9606706556968337,0.009544809835963952,0.007382078751119625,-0.00014578450602265036
298,5wise_2.txt,112,16,192528,28688,25644060,2934867,25836588,2963555,1,112,7497,1473,25657359,2936738,25664856,2938211,40,112,4,13,rndWalk,True,-0.0005185996289198691,0.9610602094240838,0.008551891225234587,0.006646852904880429,-0.0006375075940407982
299,5wise_2.txt,112,16,192528,28688,24949336,2914272,25141864,2942960,1,112,7562,1489,24958188,2915390,24965750,2916879,40,112,4,13,rndWalk,True,-0.0003547990215049257,0.9607225961938004,0.008862165982548187,0.007004810780934956,-0.0003836292562946486
300,5wise_3.txt,288,20,672020,115220,143245038,18300563,143917058,18415783,1,288,888,325,143262832,18303299,143263720,18303624,48,288,6,15,rndWalk,True,-0.00012422070773587812,0.9986786107556322,0.006090373675667227,0.004539684239515229,-0.00014950359723897577
301,5wise_3.txt,288,20,672020,115220,147364090,18772421,148036110,18887641,1,288,954,342,147374125,18773810,147375079,18774152,48,288,6,15,rndWalk,True,-6.809664416884686e-05,0.9985803993928752,0.006008638135381772,0.004465336193986702,-7.39915219245546e-05
302,5wise_3.txt,288,20,672020,115220,156165587,19799232,156837607,19914452,1,288,931,334,156180985,19801693,156181916,19802027,48,288,6,15,rndWalk,True,-9.860046823240154e-05,0.9986146245647451,0.005645397623796011,0.004180700104662982,-0.00012429775053890424
303,5wise_3.txt,288,20,672020,115220,133099736,17004733,133771756,17119953,1,288,899,325,133124860,17008913,133125759,17009238,48,288,6,15,rndWalk,True,-0.00018876070497997333,0.9986622421951727,0.006467015417624067,0.004829098602847082,-0.00024581391545508424
304,5wise_3.txt,288,20,672020,115220,140192630,17931894,140864650,18047114,1,288,945,337,140202754,17933385,140203699,17933722,48,288,6,15,rndWalk,True,-7.22149231382474e-05,0.998593791851433,0.006283109864546721,0.004692099827742435,-8.314793741259763e-05
305,5wise_6.txt,48,11,27115,5819,2431361,364682,2458476,370501,1,48,222,89,2435308,365325,2435530,365414,23,48,5,7,rndWalk,True,-0.0016233706142361193,0.9918126498248202,0.013730057408751883,0.00933342444668972,-0.001763179975978968
306,5wise_6.txt,48,11,27115,5819,2131492,320093,2158607,325912,1,48,217,90,2134068,320400,2134285,320490,23,48,5,7,rndWalk,True,-0.001208543123783823,0.9919970496035405,0.01663639264586758,0.011267451648215743,-0.0009590962626486732
307,5wise_6.txt,48,11,27115,5819,2131514,320099,2158629,325918,1,48,210,85,2134553,320536,2134763,320621,23,48,5,7,rndWalk,True,-0.0014257471449869996,0.9922552092937489,0.01625255432348016,0.01105609162111687,-0.0013652026404331608
308,5wise_6.txt,48,11,27115,5819,2431317,364666,2458432,370485,1,48,210,83,2434606,365132,2434816,365215,23,48,5,7,rndWalk,True,-0.0013527647772790807,0.9922552092937489,0.014224597487077717,0.009606122927134031,-0.0012778816780285585
309,5wise_6.txt,48,11,27115,5819,2431328,364671,2458443,370490,1,48,196,83,2433170,364848,2433366,364931,23,48,5,7,rndWalk,True,-0.00075761065557578,0.9927715286741656,0.015004453561499598,0.01020035851959955,-0.0004853690038417735
310,5wise_7.txt,32,10,14410,3210,1041602,160553,1056012,163763,1,32,149,64,1043258,160720,1043407,160784,20,32,5,6,rndWalk,True,-0.0015898586984279817,0.9896599583622484,0.018190922247394048,0.011936417389196374,-0.0010401549644043495
311,5wise_7.txt,32,10,14410,3210,1041585,160545,1055995,163755,1,32,143,61,1043644,160798,1043787,160859,20,32,5,6,rndWalk,True,-0.0019767949807265595,0.9900763358778626,0.01768495618454402,0.011560660798583311,-0.0015758821514217924
312,5wise_7.txt,32,10,14410,3210,1041570,160542,1055980,163752,1,32,152,64,1042798,160610,1042950,160674,20,32,5,6,rndWalk,True,-0.0011789894102172127,0.9894517696044414,0.018796716986662743,0.012339248849410067,-0.0004235651729764811
313,5wise_7.txt,32,10,14410,3210,1041570,160542,1055980,163752,1,32,150,64,1043585,160754,1043735,160818,20,32,5,6,rndWalk,True,-0.0019345795289802403,0.9895905621096461,0.0179173384141873,0.01159586355802189,-0.0013205267157503364
314,5wise_7.txt,32,10,14410,3210,1041594,160549,1056004,163759,1,32,149,64,1043649,160822,1043798,160886,20,32,5,6,rndWalk,True,-0.0019729376321291348,0.9896599583622484,0.017544073913494884,0.011558668338377487,-0.0017004154494888457
315,5wise_8.txt,112,16,192528,28688,30081299,3386984,30273827,3415672,1,112,7549,1483,30095875,3388905,30103424,3390388,40,112,4,13,rndWalk,True,-0.00048455354271759177,0.9607901188398571,0.0074023501085583865,0.005628723451448714,-0.0005671712650547889
316,5wise_8.txt,112,16,192528,28688,25447710,2933593,25640238,2962281,1,112,7557,1485,25882325,2996297,25889882,2997782,40,112,4,13,rndWalk,True,-0.01707874696780176,0.9607485664422837,-0.011984345847001032,-0.009736415083198446,-0.02137447150985161
317,5wise_8.txt,112,16,192528,28688,24322006,2837844,24514534,2866532,1,112,7487,1467,24338887,2840192,24346374,2841659,40,112,4,13,rndWalk,True,-0.000694062817022667,0.9611121499210504,0.00867703552585497,0.0068596041841954,-0.0008273886795751029
318,5wise_8.txt,112,16,192528,28688,27673602,3157286,27866130,3185974,1,112,7595,1495,28179628,3218985,28187223,3220480,40,112,4,13,rndWalk,True,-0.01828551267016132,0.9605511925538104,-0.01083059685986143,-0.011522697984973185,-0.01954178367116577
319,5wise_8.txt,112,16,192528,28688,27224836,3135830,27417364,3164518,1,112,7523,1481,26569647,3065867,26577170,3067348,40,112,4,13,rndWalk,True,0.024065856631790172,0.9609251641319704,0.030706098053479236,0.03064459442563483,0.02231083955444013
320,5wise_9.txt,64,14,62734,12558,7059622,1006907,7122356,1019465,1,64,632,225,7065435,1007793,7066067,1008018,32,64,5,10,rndWalk,True,-0.0008234151913515397,0.989925718111391,0.011228438445655353,0.007903143285732939,-0.0008799223761479791
321,5wise_9.txt,64,14,62734,12558,6544872,939740,6607606,952298,1,64,614,219,6549273,940370,6549887,940589,32,64,5,10,rndWalk,True,-0.0006724348467013197,0.990212643861383,0.01229552093987385,0.008735236332190532,-0.0006703981952453919
322,5wise_9.txt,64,14,62734,12558,7421106,1060847,7483840,1073405,1,64,583,210,7425717,1061502,7426300,1061712,32,64,5,10,rndWalk,True,-0.0006213359572009303,0.990706793764147,0.010893372026401948,0.0076885662975156865,-0.0006174311658513343
323,5wise_9.txt,64,14,62734,12558,7423896,1060230,7486630,1072788,1,64,618,222,7426988,1060573,7427606,1060795,32,64,5,10,rndWalk,True,-0.0004164929034566889,0.990148882583607,0.011179282393166234,0.00788392106996072,-0.00032351470907254765
324,5wise_9.txt,64,14,62734,12558,7077020,1009422,7139754,1021980,1,64,615,219,7083129,1010430,7083744,1010649,32,64,5,10,rndWalk,True,-0.0008632164385575791,0.990196703541939,0.0110873011213527,0.007844808098430245,-0.0009985912730254842
325,5wise_10.txt,216,17,343349,62441,64451146,8554145,64794495,8616586,1,216,546,206,64468990,8557077,64469536,8557283,39,216,6,12,rndWalk,True,-0.0002768608645065118,0.9984097813012416,0.006882424199096904,0.0050152254446924616,-0.00034275780922587984
326,5wise_10.txt,216,17,343349,62441,56125514,7493041,56468863,7555482,1,216,587,221,56143428,7496038,56144015,7496259,39,216,6,12,rndWalk,True,-0.0003191774778223966,0.9982903692744117,0.007838414544565131,0.005752692417412386,-0.0003999711198696687
327,5wise_10.txt,216,17,343349,62441,61689326,8221399,62032675,8283840,1,216,514,196,61703219,8223705,61703733,8223901,39,216,6,12,rndWalk,True,-0.00022520913909795937,0.998502980931938,0.007235653996214286,0.005302721509269137,-0.00028048754232701256
328,5wise_10.txt,216,17,343349,62441,64268258,8554333,64611607,8616774,1,216,480,192,64270680,8554444,64271160,8554636,39,216,6,12,rndWalk,True,-3.768578883844853e-05,0.998602005539553,0.007211283480337283,0.005269130668735689,-1.2975880176790966e-05
329,5wise_10.txt,216,17,343349,62441,64268224,8554330,64611573,8616771,1,216,553,208,64273242,8554947,64273795,8555155,39,216,6,12,rndWalk,True,-7.807902082368479e-05,0.9983893938820267,0.007150706453728395,0.005227825052332324,-7.212721510629905e-05
330,5wise_11.txt,32,10,14410,3210,1041598,160551,1056008,163761,1,32,140,61,1043230,160699,1043370,160760,20,32,5,6,rndWalk,True,-0.0015668232849910257,0.9902845246356696,0.01832548653220245,0.011967712365815397,-0.0009218254635598999
331,5wise_11.txt,32,10,14410,3210,1041591,160550,1056001,163760,1,32,128,57,1043400,160757,1043528,160814,20,32,5,6,rndWalk,True,-0.001736766158693781,0.991117279666898,0.0179897410845139,0.01181154184513078,-0.0012893179694799528
332,5wise_11.txt,32,10,14410,3210,1041589,160548,1055999,163758,1,32,124,55,1043495,160760,1043619,160815,20,32,5,6,rndWalk,True,-0.0018298964370784265,0.9913948646773074,0.017971641080130385,0.011723495950280216,-0.0013204773650248303
333,5wise_11.txt,32,10,14410,3210,1041584,160545,1055994,163755,1,32,140,60,1042751,160584,1042891,160644,20,32,5,6,rndWalk,True,-0.0011204089156515717,0.9902845246356696,0.018997893194100945,0.012408214440612353,-0.0002429225450808481
334,5wise_11.txt,32,10,14410,3210,1041598,160550,1056008,163760,1,32,142,61,1044052,160867,1044194,160928,20,32,5,6,rndWalk,True,-0.0023559953072107565,0.990145732130465,0.017293600390815844,0.011187415246854182,-0.0019744627841793427
335,5wise_13.txt,48,12,34572,6924,3205410,462133,3239982,469057,1,48,875,267,3209222,462625,3210097,462892,28,48,4,9,rndWalk,True,-0.0011892394420682795,0.9746905009834548,0.013143391954495987,0.009223816675524743,-0.0010646285809496892
336,5wise_13.txt,48,12,34572,6924,2725526,390134,2760098,397058,1,48,887,270,2728654,390515,2729541,390785,28,48,4,9,rndWalk,True,-0.0011476683766729057,0.9743433992826565,0.015798699434339536,0.01107098371144788,-0.0009765875314635686
337,5wise_13.txt,48,12,34572,6924,3041637,439544,3076209,446468,1,48,911,281,3044828,439914,3045739,440195,28,48,4,9,rndWalk,True,-0.0010491061227884124,0.9736491958810598,0.014050279079351746,0.009905048714180298,-0.0008417814826273684
338,5wise_13.txt,48,12,34572,6924,2725548,390139,2760120,397063,1,48,867,266,2728699,390527,2729566,390793,28,48,4,9,rndWalk,True,-0.001156097782904597,0.9749219021173203,0.015790945013763547,0.011069808559048155,-0.000994517338692047
339,5wise_13.txt,48,12,34572,6924,2969680,427506,3004252,434430,1,48,898,274,2970809,427483,2971707,427757,28,48,4,9,rndWalk,True,-0.00038017564182002417,0.9740252227235914,0.015360357249729506,0.01083297939054384,5.380041449709605e-05
340,5wise_16.txt,96,15,111615,21615,14962448,2080401,15074063,2102016,1,96,695,248,14966183,2080850,14966878,2081098,35,96,5,11,rndWalk,True,-0.00024962492768554334,0.9937732383640192,0.009951399037876008,0.007110558049279736,-0.0002158237762814874
341,5wise_16.txt,96,15,111615,21615,13080245,1841033,13191860,1862648,1,96,695,245,13094851,1843613,13095546,1843858,35,96,5,11,rndWalk,True,-0.0011166457509015348,0.9937732383640192,0.010087788997169667,0.007301017445606628,-0.0014013871560152324
342,5wise_16.txt,96,15,111615,21615,14706568,2064286,14818183,2085901,1,96,691,249,14712312,2065065,14713003,2065314,35,96,5,11,rndWalk,True,-0.00039057378988771596,0.9938090758410608,0.009869595920420027,0.007098036243714856,-0.0003773701899834059
343,5wise_16.txt,96,15,111615,21615,12965199,1817601,13076814,1839216,1,96,742,260,12969354,1818106,12970096,1818366,35,96,5,11,rndWalk,True,-0.00032047329161710714,0.9933521480087801,0.01133635201085681,0.008160856306436703,-0.0002778387555903983
344,5wise_16.txt,96,15,111615,21615,15090298,2103003,15201913,2124618,1,96,671,243,15095227,2103652,15095898,2103895,35,96,5,11,rndWalk,True,-0.00032663370862517915,0.9939882632262689,0.009753753380607688,0.006973793364032588,-0.0003086063120214533
345,5wise_17.txt,168,18,374562,54450,65842612,7375689,66217174,7430139,1,168,3019,691,65852044,7376872,65855063,7377563,44,168,5,14,rndWalk,True,-0.0001432506960690194,0.9919399191589109,0.007076045279906573,0.005468536002457558,-0.00016039179526150527
346,5wise_17.txt,168,18,374562,54450,65494754,7378779,65869316,7433229,1,168,3015,690,65516028,7381646,65519043,7382336,44,168,5,14,rndWalk,True,-0.000324819908476881,0.991950598298813,0.006846688027504655,0.005317696027084873,-0.00038854666876453336
347,5wise_17.txt,168,18,374562,54450,51812510,5969356,52187072,6023806,1,168,3020,690,52700196,6104828,52703216,6105518,44,168,5,14,rndWalk,True,-0.017132657730729584,0.9919372493739355,-0.013564845879830756,-0.00989026554315986,-0.02269457542823705
348,5wise_17.txt,168,18,374562,54450,61277181,6944240,61651743,6998690,1,168,3019,690,61294848,6946458,61297867,6947148,44,168,5,14,rndWalk,True,-0.00028831287131181327,0.9919399191589109,0.007364521074658237,0.005739918821111023,-0.0003194014031773218
349,5wise_17.txt,168,18,374562,54450,59691911,6671674,60066473,6726124,1,168,3041,697,61133921,6824204,61136962,6824901,44,168,5,14,rndWalk,True,-0.0241575445624449,0.9918811838894496,-0.01468557522876468,-0.017821738925806407,-0.022862328105360152
350,5wise_18.txt,48,11,27115,5819,2131520,320100,2158635,325919,1,48,218,91,2133000,320182,2133218,320273,23,48,5,7,rndWalk,True,-0.0006943401891608136,0.9919601696477964,0.01732332266606118,0.0117745705040454,-0.00025616994689170447
351,5wise_18.txt,48,11,27115,5819,2431350,364677,2458465,370496,1,48,209,86,2433314,364882,2433523,364968,23,48,5,7,rndWalk,True,-0.0008077816850720065,0.9922920892494929,0.014920538953187124,0.010145354926753058,-0.0005621412921572588
352,5wise_18.txt,48,11,27115,5819,2431363,364683,2458478,370502,1,48,212,86,2435761,365431,2435973,365517,23,48,5,7,rndWalk,True,-0.001808861942869111,0.9921814493822607,0.013454718193154136,0.009154037579347851,-0.0020510964316955427
353,5wise_18.txt,48,11,27115,5819,2431360,364681,2458475,370500,1,48,212,88,2435909,365409,2436121,365497,23,48,5,7,rndWalk,True,-0.0018709693340352995,0.9921814493822607,0.013503373819163333,0.00909262856038806,-0.0019962652290632654
354,5wise_18.txt,48,11,27115,5819,2131509,320097,2158624,325916,1,48,235,91,2133936,320402,2134171,320493,23,48,5,7,rndWalk,True,-0.0011386299565236957,0.9913332104001475,0.016639256741000752,0.011328049720562783,-0.0009528361715354094
355,5wise_20.txt,72,13,62881,12181,6220357,868522,6283238,880703,1,72,976,303,6223681,868931,6224657,869234,31,72,4,10,rndWalk,True,-0.0005343744740051726,0.9844786183425837,0.013022551302766083,0.009323377532412414,-0.00047091495667350713
356,5wise_20.txt,72,13,62881,12181,7118059,995787,7180940,1007968,1,72,962,299,7122201,996359,7123163,996658,31,72,4,10,rndWalk,True,-0.0005819002062219525,0.9847012611122596,0.01122059430458111,0.008045882572476626,-0.0005744200315931369
357,5wise_20.txt,72,13,62881,12181,6574091,920491,6636972,932672,1,72,939,292,6577360,920913,6578299,921205,31,72,4,10,rndWalk,True,-0.0004972550577715396,0.9850670313767275,0.012294783160639589,0.008840326582664537,-0.00045845097887964315
358,5wise_20.txt,72,13,62881,12181,6113298,852704,6176179,864885,1,72,962,298,6119704,853726,6120666,854024,31,72,4,10,rndWalk,True,-0.0010478795569919264,0.9847012611122596,0.012557738890141446,0.008988243378308836,-0.0011985401733778378
359,5wise_20.txt,72,13,62881,12181,6581555,928788,6644436,940969,1,72,965,299,6583012,928785,6583977,929084,31,72,4,10,rndWalk,True,-0.0002213762553073817,0.9846535519473291,0.012630596757172707,0.009099192166197367,3.2300158916420685e-06
360,6wise_1.txt,64,10,32010,6410,2535740,362293,2567750,368703,1,64,332,117,2542456,363427,2542788,363544,22,64,4,7,rndWalk,True,-0.002648536521883127,0.9896282411746329,0.013992291898899611,0.009721351377665277,-0.003130063236109981
361,6wise_1.txt,64,10,32010,6410,2612815,373472,2644825,379882,1,64,329,117,2475484,352715,2475813,352832,22,64,4,7,rndWalk,True,0.052560552507544545,0.9897219618869103,0.07120632196313592,0.06390290472904636,0.055578463713477855
362,6wise_1.txt,64,10,32010,6410,2164514,309369,2196524,315779,1,64,304,112,2033231,289865,2033535,289977,22,64,4,7,rndWalk,True,0.06065241435259827,0.9905029678225554,0.08170904334993778,0.07420315006801659,0.06304445500357181
363,6wise_1.txt,64,10,32010,6410,2164513,309368,2196523,315778,1,64,330,118,2032245,289646,2032575,289764,22,64,4,7,rndWalk,True,0.06110751009580451,0.9896907216494846,0.08238065983064047,0.07463978296607865,0.06374932119676247
364,6wise_1.txt,64,10,32010,6410,2612812,373471,2644822,379881,1,64,316,114,2616027,373934,2616343,374048,22,64,4,7,rndWalk,True,-0.0012304750590550473,0.9901280849734458,0.01535480847949755,0.010767832390988885,-0.001239721424153517
365,6wise_6.txt,64,12,46092,9228,4647597,664490,4693689,673718,1,64,185,79,4652104,665192,4652289,665271,24,64,6,7,rndWalk,True,-0.0009697484528026212,0.9959862882929793,0.012537886771616602,0.008820354309797662,-0.0010564493069873393
366,6wise_6.txt,64,12,46092,9228,4647536,664469,4693628,673697,1,64,198,81,4650508,664834,4650706,664915,24,64,6,7,rndWalk,True,-0.0006394786398642438,0.99570424368654,0.013035533778538388,0.009144738355915671,-0.0005493108030623084
367,6wise_6.txt,64,12,46092,9228,4647598,664490,4693690,673718,1,64,183,76,4655315,665838,4655498,665914,24,64,6,7,rndWalk,True,-0.0016604276015266262,0.996029679770893,0.01158348151600519,0.008136881643227345,-0.0020286234555824123
368,6wise_6.txt,64,12,46092,9228,4647576,664481,4693668,673709,1,64,212,85,4652541,665254,4652753,665339,24,64,6,7,rndWalk,True,-0.0010682988293251316,0.9954005033411438,0.01242376159439762,0.008717063073059306,-0.0011633139247020363
369,6wise_6.txt,64,12,46092,9228,4647502,664460,4693594,673688,1,64,191,81,4648544,664451,4648735,664532,24,64,6,7,rndWalk,True,-0.00022420646618326323,0.995856113859238,0.01359086105140661,0.009557494747095774,1.3544833398548839e-05
370,6wise_10.txt,192,17,314449,55505,55920523,7274673,56234972,7330178,1,192,730,257,55928289,7275806,55929019,7276063,39,192,6,12,rndWalk,True,-0.0001388756682407788,0.9976784788630271,0.007382494667933059,0.005440617984125651,-0.00015574583214950088
371,6wise_10.txt,192,17,314449,55505,57631552,7496977,57946001,7552482,1,192,734,262,57645393,7499204,57646127,7499466,39,192,6,12,rndWalk,True,-0.00024016358261524928,0.9976657581992628,0.0070196790935748155,0.005175059448882413,-0.00029705306552219035
372,6wise_10.txt,192,17,314449,55505,47836924,6283404,48151373,6338909,1,192,726,259,47862029,6287621,47862755,6287880,39,192,6,12,rndWalk,True,-0.0005248038105460928,0.9976911995267913,0.008050123451843194,0.0059939723837157954,-0.0006711330355329004
373,6wise_10.txt,192,17,314449,55505,52327314,6822247,52641763,6877752,1,192,712,256,52334854,6823379,52335566,6823635,39,192,6,12,rndWalk,True,-0.00014409300657014512,0.9977357218499662,0.007868413981777733,0.005816617501963273,-0.00016592773612567058
374,6wise_10.txt,192,17,314449,55505,53833365,6997262,54147814,7052767,1,192,725,258,53842505,6998711,53843230,6998969,39,192,6,12,rndWalk,True,-0.0001697831818612272,0.9976943796927323,0.007627928159260056,0.005625047024058971,-0.00020708099825328397
375,6wise_17.txt,224,19,583395,80883,113097996,12278357,113681391,12359240,1,224,3053,696,113133290,12283017,113136343,12283713,45,224,6,14,rndWalk,True,-0.0003120656532233923,0.9947668389341698,0.006110974461212781,0.004794522614523622,-0.00037952960644482836
376,6wise_17.txt,224,19,583395,80883,110025343,11922446,110608738,12003329,1,224,2979,674,110060258,11927531,110063237,11928205,45,224,6,14,rndWalk,True,-0.00031733597958427673,0.9948936826678323,0.006258597094189411,0.004931807467146054,-0.0004265064400374996
377,6wise_17.txt,224,19,583395,80883,115124464,12458719,115707859,12539602,1,224,3026,691,115157319,12463029,115160345,12463720,45,224,6,14,rndWalk,True,-0.0002853867793035647,0.9948131197559115,0.006051388233852983,0.0047318652745964584,-0.0003459424680820611
378,6wise_17.txt,224,19,583395,80883,107539658,11709632,108123053,11790515,1,224,3027,690,109110825,11921404,109113852,11922094,45,224,6,14,rndWalk,True,-0.014610117134648215,0.9948114056514026,-0.011159733056613774,-0.009163623968331702,-0.0180852822701858
379,6wise_17.txt,224,19,583395,80883,102039050,11231661,102622445,11312544,1,224,2997,678,102100255,11240394,102103252,11241072,45,224,6,14,rndWalk,True,-0.0005998193828735676,0.9948628287866711,0.006317942277174748,0.005059253850363876,-0.0007775341510041223
380,7wise_1.txt,128,13,118989,21645,14376166,1916871,14495155,1938516,1,128,293,110,14390161,1919176,14390454,1919286,27,128,6,8,rndWalk,True,-0.0009734862549584111,0.997537587508089,0.00991995939161705,0.007223172156489488,-0.0012024805007744277
381,7wise_1.txt,128,13,118989,21645,14376236,1916891,14495225,1938536,1,128,300,113,13772057,1831966,13772357,1832079,27,128,6,8,rndWalk,True,0.04202622995337579,0.9974787585407054,0.05491618417197308,0.04986938802260743,0.04430351021523915
382,7wise_1.txt,128,13,118989,21645,14376277,1916905,14495266,1938550,1,128,318,118,13768657,1831432,13768975,1831550,27,128,6,8,rndWalk,True,0.04226546274810927,0.9973274840531478,0.05519589383817802,0.05010539302969674,0.04458906414245878
383,7wise_1.txt,128,13,118989,21645,12657924,1688394,12776913,1710039,1,128,300,113,12675053,1691372,12675353,1691485,27,128,6,8,rndWalk,True,-0.0013532234827764444,0.9974787585407054,0.010850044940495462,0.007948711868038916,-0.001763806315350669
384,7wise_1.txt,128,13,118989,21645,12657915,1688390,12776904,1710035,1,128,305,114,12670415,1690482,12670720,1690596,27,128,6,8,rndWalk,True,-0.0009875244066657185,0.9974367378497172,0.011367603587061126,0.008310620475821096,-0.00123905021943993
385,7wise_4.txt,256,18,497682,82962,93256720,11683024,93754402,11765986,1,256,709,247,93275950,11686162,93276659,11686409,40,256,7,12,rndWalk,True,-0.00020620497911560953,0.9985753955336942,0.006763309084338531,0.005095686067092653,-0.0002685948432528118
386,7wise_4.txt,256,18,497682,82962,98571824,12281327,99069506,12364289,1,256,725,260,98593993,12284795,98594718,12285055,40,256,7,12,rndWalk,True,-0.0002249019963351806,0.998543246490731,0.006408294079829457,0.004792473680044429,-0.0002823799089464174
387,7wise_4.txt,256,18,497682,82962,92515006,11543604,93012688,11626566,1,256,708,251,92566531,11552257,92567239,11552508,40,256,7,12,rndWalk,True,-0.000556936676845643,0.9985774048488794,0.006369722581887061,0.004789120813280867,-0.0007495925882419208
388,7wise_4.txt,256,18,497682,82962,96179777,12023645,96677459,12106607,1,256,732,259,96218359,12029824,96219091,12030083,40,256,7,12,rndWalk,True,-0.00040114461899820597,0.9985291812844347,0.006320846129720725,0.004741208599617797,-0.000513904061538728
389,7wise_4.txt,256,18,497682,82962,87014145,10891976,87511827,10974938,1,256,715,258,87041379,10896522,87042094,10896780,40,256,7,12,rndWalk,True,-0.00031298359594300607,0.998563339642583,0.007121498089556422,0.005367651620391878,-0.00041737146684872606
390,7wise_6.txt,256,18,497682,82962,87239787,10939372,87737469,11022334,1,256,733,259,87276245,10945349,87276978,10945608,40,256,7,12,rndWalk,True,-0.0004179056512367829,0.9985271719692494,0.006960957633836862,0.005248510188959332,-0.0005463750569960624
391,7wise_6.txt,256,18,497682,82962,90864788,11425369,91362470,11508331,1,256,756,269,90894646,11430148,90895402,11430417,40,256,7,12,rndWalk,True,-0.00032859813638697055,0.9984809577199899,0.006770225847692379,0.005112252328554612,-0.00041827970720254015
392,7wise_6.txt,256,18,497682,82962,93256716,11683022,93754398,11765984,1,256,682,247,93273944,11685779,93274626,11686026,40,256,7,12,rndWalk,True,-0.00018473736518886952,0.9986296470436946,0.006795691716051988,0.005117327935911908,-0.00023598346386743962
393,7wise_6.txt,256,18,497682,82962,87239750,10939361,87737432,11022323,1,256,683,243,87265298,10943631,87265981,10943874,40,256,7,12,rndWalk,True,-0.0002928481569468566,0.9986276377285094,0.007117283715964429,0.005373430578638372,-0.00039033358529816375
394,7wise_6.txt,256,18,497682,82962,92653734,11561065,93151416,11644027,1,256,705,253,92664125,11562657,92664830,11562910,40,256,7,12,rndWalk,True,-0.00011214874513321149,0.998583432794435,0.00696640432042972,0.005223602827465368,-0.00013770357661679888
395,7wise_11.txt,128,14,137998,25102,18443970,2460089,18581968,2485191,1,128,260,103,18454410,2461770,18454670,2461873,28,128,7,8,rndWalk,True,-0.0005660386565364828,0.9981159147234018,0.00938277983462843,0.0068506199128101075,-0.0006833086120054954
396,7wise_11.txt,128,14,137998,25102,18443954,2460086,18581952,2485188,1,128,242,95,18451544,2461285,18451786,2461380,28,128,7,8,rndWalk,True,-0.00041151696648134006,0.9982463513963971,0.009579959343116062,0.0070049691227273,-0.0004873813354493439
397,7wise_11.txt,128,14,137998,25102,18443988,2460095,18581986,2485197,1,128,255,104,18461241,2463021,18461496,2463125,28,128,7,8,rndWalk,True,-0.0009354267634527069,0.9981521471325672,0.008881388477452679,0.006484236937860155,-0.0011893849627757636
398,7wise_11.txt,128,14,137998,25102,18443874,2460062,18581872,2485164,1,128,205,88,18451001,2461135,18451206,2461223,28,128,7,8,rndWalk,True,-0.00038641556540675026,0.9985144712242207,0.009633569454571167,0.0070319072265701,-0.00043616786893996284
399,7wise_11.txt,128,14,137998,25102,18443940,2460079,18581938,2485181,1,128,257,98,18455260,2461906,18455517,2462004,28,128,7,8,rndWalk,True,-0.0006137517254989344,0.998137654168901,0.009326081279391718,0.006803434604076286,-0.0007426590772083852
400,7wise_14.txt,192,15,244815,43215,38256596,4984124,38501411,5027339,1,192,284,116,38264465,4985347,38264749,4985463,31,192,7,9,rndWalk,True,-0.00020569002009485082,0.9988399403631314,0.008329655111779855,0.006146839657382941,-0.00024537912780653315
401,7wise_14.txt,192,15,244815,43215,38256650,4984131,38501465,5027346,1,192,306,123,38271383,4986464,38271689,4986587,31,192,7,9,rndWalk,True,-0.0003851095169076224,0.9987500765884443,0.008107458686949287,0.005967980698916242,-0.0004680856101093589
402,7wise_14.txt,192,15,244815,43215,38256693,4984146,38501508,5027361,1,192,319,122,38266724,4985715,38267043,4985837,31,192,7,9,rndWalk,True,-0.0002622024857192873,0.9986969752670384,0.008259601806991812,0.006089761471161026,-0.00031479816201218647
403,7wise_14.txt,192,15,244815,43215,38256716,4984155,38501531,5027370,1,192,280,111,38278845,4987925,38279125,4988036,31,192,7,9,rndWalk,True,-0.0005784343852202056,0.9988562792312563,0.007823971579573374,0.005776549509161066,-0.0007563970221631244
404,7wise_14.txt,192,15,244815,43215,38256379,4984070,38501194,5027285,1,192,300,119,38263186,4985071,38263486,4985190,31,192,7,9,rndWalk,True,-0.0001779311105214454,0.9987745848906318,0.00837330686444071,0.006174042290740367,-0.0002008398758444052
405,8wise_1.txt,256,14,301070,50190,43899278,5486830,44200348,5537020,1,256,357,135,42305879,5277159,42306236,5277294,30,256,6,9,rndWalk,True,0.03629670173618804,0.9988142292490119,0.04690718111908576,0.042852875276004565,0.038213503972238994
406,8wise_1.txt,256,14,301070,50190,38278970,4784161,38580040,4834351,1,256,487,170,36653526,4569182,36654013,4569352,30,256,6,9,rndWalk,True,0.042463107027174485,0.9983824359783439,0.05481583774119836,0.04992288758643071,0.0449355696850503
407,8wise_1.txt,256,14,301070,50190,43899218,5486814,44200288,5537004,1,256,400,144,42301692,5276366,42302092,5276510,30,256,6,9,rndWalk,True,0.03639076213157144,0.9986714053210217,0.0470460198331083,0.04294533103494713,0.03835522764212529
408,8wise_1.txt,256,14,301070,50190,39341980,4918654,39643050,4968844,1,256,436,152,39372779,4923663,39373215,4923815,30,256,6,9,rndWalk,True,-0.0007828533286835526,0.9985518317999137,0.009062268809405194,0.006806615535383864,-0.0010183680332058742
409,8wise_1.txt,256,14,301070,50190,33721953,4216042,34023023,4266232,1,256,413,148,33750555,4220746,33750968,4220894,30,256,6,9,rndWalk,True,-0.0008481715160446601,0.9986282259939548,0.010627176393595117,0.007996203041687355,-0.0011157384105755508
410,3wise_11.txt,32,13,33137,5421,2389861,299046,2422998,304467,1,32,4417,827,2392931,299291,2397348,300118,33,32,3,11,rndWalk,True,-0.0012845935391221364,0.8667048918127773,0.014283978230809957,0.01058605908878174,-0.0008192719514723557
411,3wise_11.txt,32,13,33137,5421,2358469,298544,2391606,303965,1,32,3409,687,2361673,298809,2365082,299496,33,32,3,11,rndWalk,True,-0.001358508422200977,0.8971240607176268,0.014702350599575587,0.011090455534899957,-0.0008876413526983651
412,3wise_11.txt,32,13,33137,5421,2772613,341675,2805750,347096,1,32,3407,686,2774885,341824,2778292,342510,33,32,3,11,rndWalk,True,-0.0008194436078889922,0.8971844162114857,0.013212483001820874,0.00978633164038134,-0.0004360869247090893
413,3wise_11.txt,32,13,33137,5421,2592304,325278,2625441,330699,1,32,4410,825,2596550,325756,2600960,326581,33,32,3,11,rndWalk,True,-0.0016379251816145413,0.8669161360412831,0.012452411407352315,0.009324528717270741,-0.0014695122326133792
414,3wise_11.txt,32,13,33137,5421,2177981,277355,2211118,282776,1,32,4188,796,2179848,277431,2184036,278227,33,32,3,11,rndWalk,True,-0.000857215926125976,0.8736155958596131,0.01608693807112338,0.012248102543600092,-0.00027401705395613263
