,File_Name,states,inputs,components,lstar_total_sym_mean,lstar_total_sym_std,lip_total_sym_mean,lip_total_sym_std,total_sym_progress,total_sym_pvalue,lstar_total_reset_mean,lstar_total_reset_std,lip_total_reset_mean,lip_total_reset_std,total_reset_progress,total_reset_pvalue,lstar_mq_sym_mean,lstar_mq_sym_std,lip_mq_sym_mean,lip_mq_sym_std,mq_sym_progress,mq_sym_pvalue,lstar_mq_reset_mean,lstar_mq_reset_std,lip_mq_reset_mean,lip_mq_reset_std,mq_reset_progress,mq_reset_pvalue,lstar_eq_sym_mean,lstar_eq_sym_std,lip_eq_sym_mean,lip_eq_sym_std,eq_sym_progress,eq_sym_pvalue,lstar_eq_reset_mean,lstar_eq_reset_std,lip_eq_reset_mean,lip_eq_reset_std,eq_reset_progress,eq_reset_pvalue,lstar_eqs,lip_eqs
0,2wise_1.txt,6,5,4,10110.8,1559.914,9845.0,1530.65,0.026,5.417658540099604e-05,2058.2,311.472,1974.6,299.62,0.041,9.866264119496526e-05,480.0,0.0,108.2,4.494,0.775,2.561897980357944e-09,155.0,0.0,44.4,1.817,0.714,8.730365332267561e-09,9630.8,1559.914,9736.8,1534.125,-0.011,0.9985148520247186,1903.2,311.472,1930.2,301.084,-0.014,0.9948710292321695,1.0,11.0
1,2wise_10.txt,12,9,8,167166.6,23335.014,170545.8,23362.098,-0.02,0.9963259954024698,30058.2,3926.664,30567.6,3942.612,-0.017,0.9872887687583559,3573.0,0.0,544.0,9.849,0.848,1.3412863325486354e-11,981.0,0.0,191.8,3.493,0.804,4.604063010258614e-11,163593.6,23335.014,170001.8,23358.896,-0.039,0.9996656071163952,29077.2,3926.664,30375.8,3941.32,-0.045,0.9995612244298545,1.0,23.0
2,2wise_11.txt,4,4,3,2868.6,1.517,2749.8,17.384,0.041,4.1483473262149524e-05,620.8,1.095,585.2,4.868,0.057,1.951396100908858e-05,196.0,0.0,49.4,0.894,0.748,1.6626612845797364e-10,68.0,0.0,22.2,0.447,0.674,1.0907472251667318e-09,2672.6,1.517,2700.4,17.344,-0.01,0.9906171867896884,552.8,1.095,563.0,4.848,-0.018,0.9976087452598941,1.0,8.0
3,2wise_12.txt,8,8,7,67316.2,4753.909,72670.0,3639.718,-0.08,0.9996120802437662,12623.8,827.546,13610.4,592.831,-0.078,0.9993943219356884,1800.0,0.0,478.6,2.702,0.734,2.0974293237671147e-12,520.0,0.0,166.6,0.894,0.68,4.923697126757244e-12,65516.2,4753.909,72191.4,3639.592,-0.102,0.9998348915034531,12103.8,827.546,13443.8,592.694,-0.111,0.9998134702260993,1.0,20.0
4,2wise_13.txt,4,4,3,2870.0,0.0,2746.4,14.519,0.043,2.2433671405904188e-05,622.0,0.0,584.8,4.382,0.06,2.2678809053869776e-05,196.0,0.0,44.0,0.0,0.776,0.0,68.0,0.0,20.0,0.0,0.706,0.0,2674.0,0.0,2702.4,14.519,-0.011,0.9940341432536673,554.0,0.0,564.8,4.382,-0.019,0.9973556883068793,1.0,8.0
5,2wise_14.txt,4,4,3,2869.4,0.548,2766.6,12.7,0.036,2.4103080213432745e-05,621.4,0.548,591.0,3.742,0.049,1.7652102105556696e-05,196.0,0.0,53.2,1.095,0.729,4.1552468908333363e-10,68.0,0.0,23.6,0.548,0.653,2.778457508255437e-09,2673.4,0.548,2713.4,13.278,-0.015,0.9988693006063074,553.4,0.548,567.4,4.037,-0.025,0.9994794420906306,1.0,8.0
6,2wise_15.txt,26,13,12,2326169.0,333781.274,2486031.2,342905.575,-0.069,0.9725589136755763,293293.2,37257.595,316437.0,38401.631,-0.079,0.9821573294643849,36810.8,322.951,16782.4,2554.923,0.544,4.320592127603203e-05,5805.0,0.0,2659.4,319.295,0.542,1.2565881547978816e-05,2289358.2,333792.03,2469248.8,343522.616,-0.079,0.9803202187153799,287488.2,37257.595,313777.6,38485.527,-0.091,0.9879736799178607,3.0,41.6
7,2wise_16.txt,117,19,17,49588981.4,6779726.766,48679675.0,6533723.403,0.018,0.07393242436093721,5657034.6,682679.398,5547056.6,655224.918,0.019,0.06232389115730558,329057.0,917.047,16955.6,1386.578,0.948,3.3624676334863287e-10,48137.4,177.544,2747.4,160.902,0.943,2.6485348908139453e-10,49259924.4,6778827.237,48662719.4,6535071.761,0.012,0.1523646933707916,5608897.2,682584.961,5544309.2,655380.591,0.012,0.1592428159888533,3.0,57.0
8,2wise_17.txt,16,11,10,654030.6,140281.227,721609.8,139464.382,-0.103,0.9998632982583926,86693.2,15802.885,95306.0,15405.49,-0.099,0.9998800756214047,10901.0,0.0,3572.4,433.045,0.672,1.4561686023977565e-06,1947.0,0.0,699.8,57.704,0.641,5.482877446689568e-07,643129.6,140281.227,718037.4,139769.394,-0.116,0.9999108171565874,84746.2,15802.885,94606.2,15446.887,-0.116,0.9999331615321463,1.0,29.0
9,2wise_18.txt,4,4,3,2869.0,0.0,2749.6,6.58,0.042,1.102511259315468e-06,621.0,0.0,584.6,1.949,0.059,9.832953361016162e-07,196.0,0.0,44.0,0.0,0.776,0.0,68.0,0.0,20.0,0.0,0.706,0.0,2673.0,0.0,2705.6,6.58,-0.012,0.9998111770216752,553.0,0.0,564.6,1.949,-0.021,0.9999077984569106,1.0,8.0
10,2wise_19.txt,6,5,4,10681.2,1274.112,10414.4,1253.442,0.025,5.7319521082277294e-05,2172.4,254.578,2086.6,246.525,0.039,6.623386756415329e-05,480.0,0.0,106.0,3.742,0.779,1.201968132748831e-09,155.0,0.0,43.4,1.342,0.72,2.5060272766002804e-09,10201.2,1274.112,10308.4,1254.534,-0.011,0.9983486686131968,2017.4,254.578,2043.2,246.843,-0.013,0.9948226964397494,1.0,11.0
11,2wise_2.txt,4,4,3,2868.6,1.517,2758.6,21.973,0.038,0.00013780368967250268,621.0,1.0,587.8,6.301,0.053,7.860744780981953e-05,196.0,0.0,50.8,1.643,0.741,1.96774199950257e-09,68.0,0.0,22.6,0.548,0.668,2.541651882925071e-09,2672.6,1.517,2707.8,23.124,-0.013,0.9889751822042362,553.0,1.0,565.2,6.686,-0.022,0.9954631039168493,1.0,8.0
12,2wise_20.txt,27,11,9,941476.0,70451.401,930512.0,70417.95,0.012,3.110922055957392e-08,158679.8,11403.902,155949.2,11379.318,0.017,3.2443714246951136e-08,13079.0,0.0,359.0,8.718,0.973,2.6476447531752466e-14,3278.0,0.0,141.2,3.033,0.957,1.049081049744012e-13,928397.0,70451.401,930153.0,70419.377,-0.002,0.9999584744970954,155401.8,11403.902,155808.0,11379.792,-0.003,0.9999429636180002,1.0,27.0
13,2wise_3.txt,4,4,3,2867.6,1.517,2746.0,18.828,0.042,5.287957453951849e-05,620.0,1.0,583.6,5.595,0.059,3.625538840850519e-05,196.0,0.0,51.2,4.147,0.739,8.066572083041597e-08,68.0,0.0,22.8,1.643,0.665,2.0921371962585708e-07,2671.6,1.517,2694.8,17.167,-0.009,0.9844621825548111,552.0,1.0,560.8,4.97,-0.016,0.9957234051400426,1.0,8.0
14,2wise_4.txt,6,5,4,10680.8,1274.448,10402.4,1261.431,0.026,1.8400862735920682e-06,2172.2,255.025,2083.4,248.456,0.041,5.212509126746494e-06,480.0,0.0,107.0,0.0,0.777,0.0,155.0,0.0,44.0,0.0,0.716,0.0,10200.8,1274.448,10295.4,1261.431,-0.009,0.9998673268889886,2017.2,255.025,2039.4,248.456,-0.011,0.9988247275098261,1.0,11.0
15,2wise_5.txt,18,10,8,457520.4,18813.722,452523.4,19037.027,0.011,5.523108629723948e-07,79281.0,2938.075,77951.2,2980.296,0.017,1.564509547319792e-07,6910.0,0.0,300.0,11.314,0.957,1.0298966630446209e-12,1810.0,0.0,118.6,3.209,0.934,1.5554938759979905e-12,450610.4,18813.722,452223.4,19046.593,-0.004,0.9999434479339189,77471.0,2938.075,77832.6,2982.934,-0.005,0.9999667984052044,1.0,24.0
16,2wise_6.txt,6,5,4,10680.8,1273.889,10392.8,1238.142,0.027,3.058868868708274e-05,2172.0,254.355,2080.0,241.509,0.042,4.6051251587676544e-05,480.0,0.0,103.2,1.095,0.785,8.572258669147442e-12,155.0,0.0,42.6,0.548,0.725,6.766198902849792e-11,10200.8,1273.889,10289.6,1237.468,-0.009,0.9970410207022185,2017.0,254.355,2037.4,241.171,-0.01,0.9867987744684422,1.0,11.0
17,2wise_7.txt,39,14,13,4076639.8,500699.15,4326398.0,557036.288,-0.061,0.9355336629220047,510833.4,60450.656,543131.8,63146.568,-0.063,0.941592963739937,60940.0,0.0,17986.8,3961.162,0.705,8.581852801354909e-06,9562.0,0.0,2818.2,478.419,0.705,3.019168674991807e-06,4015699.8,500699.15,4308411.2,560556.769,-0.073,0.9555522254996343,501271.4,60450.656,540313.6,63577.732,-0.078,0.9633543975796086,3.0,46.4
18,2wise_8.txt,18,10,8,451623.8,17933.989,446842.4,17933.974,0.011,1.5095018664224309e-09,78180.2,2968.474,76894.8,2967.05,0.016,1.6337084523599776e-09,6910.0,0.0,298.6,5.128,0.957,4.344288522072166e-14,1810.0,0.0,118.2,1.643,0.935,1.0678546561016901e-13,444713.8,17933.989,446543.8,17933.168,-0.004,0.9999998990158361,76370.2,2968.474,76776.6,2967.24,-0.005,0.9999997527533578,1.0,24.0
19,2wise_9.txt,26,13,12,2182781.8,337650.753,2437231.0,311410.201,-0.117,0.9972786654961273,275064.8,37051.927,310149.0,33547.25,-0.128,0.9984926673413115,37009.0,728.168,16295.8,1187.968,0.56,2.1561217991007456e-06,5843.6,86.312,2585.6,138.527,0.558,5.585813773442835e-07,2145772.8,338096.452,2420935.2,312038.09,-0.128,0.9979933098943965,269221.2,37109.334,307563.4,33617.701,-0.142,0.998940999039384,3.0,41.4
20,3wise_1.txt,28,12,11,1574334.4,155610.936,1555957.8,116495.212,0.012,0.23184668331444208,209039.2,20335.097,206704.8,15523.831,0.011,0.24875092266083473,23052.0,0.0,2846.6,9.45,0.877,5.741352703762825e-15,4044.0,0.0,628.2,2.28,0.845,2.3835152693569788e-14,1551282.4,155610.936,1553111.2,116486.398,-0.001,0.530160513680713,204995.2,20335.097,206076.6,15521.974,-0.005,0.626334310719669,1.0,32.0
21,3wise_10.txt,8,6,4,29885.4,4.615,29041.6,76.569,0.028,6.534942165699707e-06,5605.2,2.49,5375.6,22.501,0.041,7.63719098930276e-06,1014.0,0.0,78.4,0.548,0.923,1.4094922896207793e-14,294.0,0.0,34.8,0.447,0.882,1.0634070245277743e-12,28871.4,4.615,28963.2,76.748,-0.003,0.9760461787777288,5311.2,2.49,5340.8,22.565,-0.006,0.9836968249943939,1.0,12.0
22,3wise_11.txt,32,13,11,2586234.4,418217.784,2624426.0,415539.106,-0.015,0.9999084738219243,324291.4,44766.561,328727.2,44493.49,-0.014,0.9995195204829138,33137.0,0.0,3856.8,437.85,0.884,5.998672016072092e-09,5421.0,0.0,752.0,59.729,0.861,3.2130608965828742e-09,2553097.4,418217.784,2620569.2,415359.148,-0.026,0.9999882123945322,318870.4,44766.561,327975.2,44469.407,-0.029,0.9999690273170999,1.0,33.0
23,3wise_12.txt,78,16,14,17128019.2,1789645.219,16807706.4,2049065.047,0.019,0.13893634742179373,2011147.2,189496.281,1970887.4,218060.282,0.02,0.13734480456387965,158170.8,313.297,18550.2,1696.885,0.883,4.3603791989732976e-09,23470.0,0.0,2879.6,226.649,0.877,1.7614393860732674e-09,16969848.4,1789383.637,16789156.2,2050313.175,0.011,0.2593145624301428,1987677.2,189496.281,1968007.8,218228.138,0.01,0.2852279808594257,3.0,49.6
24,3wise_13.txt,36,12,9,2075258.0,69142.842,2054983.2,69058.218,0.01,1.7477215906963725e-08,329790.6,10415.405,325150.4,10393.175,0.014,1.8846570941078637e-08,22476.0,0.0,344.2,10.06,0.985,5.122420226168112e-15,5196.0,0.0,136.0,2.55,0.974,7.734028087685286e-15,2052782.0,69142.842,2054639.0,69055.125,-0.001,0.9997759609948166,324594.6,10415.405,325014.4,10391.788,-0.001,0.999748243826535,1.0,28.0
25,3wise_14.txt,8,5,4,15878.6,2261.994,15327.4,2085.669,0.035,0.06140977600712596,3004.6,417.213,2866.2,377.826,0.046,0.029492945742254886,705.0,0.0,142.2,3.701,0.798,2.244817192723442e-10,205.0,0.0,52.4,1.14,0.744,3.739534036829824e-10,15173.6,2261.994,15185.2,2084.805,-0.001,0.5154555950969331,2799.6,417.213,2813.8,377.765,-0.005,0.5999102202585299,1.0,11.0
26,3wise_15.txt,12,7,5,85957.6,7456.504,84111.8,7438.755,0.021,8.077684958542329e-07,15488.8,1328.113,14998.2,1319.644,0.032,1.0191676659329054e-06,2163.0,0.0,131.6,3.209,0.939,7.47605448206105e-13,595.0,0.0,54.8,1.304,0.908,4.072465332956482e-12,83794.6,7456.504,83980.2,7441.782,-0.002,0.9941698463846188,14893.8,1328.113,14943.4,1320.877,-0.003,0.9932765517951283,1.0,15.0
27,3wise_16.txt,8,6,4,29883.2,3.271,29002.8,50.796,0.029,1.0449712371029561e-06,5603.8,1.643,5363.8,14.873,0.043,1.147678821938551e-06,1014.0,0.0,81.0,1.414,0.92,6.334514461575454e-13,294.0,0.0,35.6,0.548,0.879,2.4224293318757525e-12,28869.2,3.271,28921.8,50.806,-0.002,0.9650771604233315,5309.8,1.643,5328.2,14.498,-0.003,0.9830186198833525,1.0,12.0
28,3wise_17.txt,8,6,4,29886.8,1.924,29062.0,66.716,0.028,4.569235820773403e-06,5605.8,0.837,5382.0,19.313,0.04,5.6155685078991275e-06,1014.0,0.0,81.8,6.301,0.919,2.504375297725886e-10,294.0,0.0,35.4,1.817,0.88,2.9219075430552734e-10,28872.8,1.924,28980.2,71.03,-0.004,0.9872061863264046,5311.8,0.837,5346.6,20.428,-0.007,0.9916409058455026,1.0,12.0
29,3wise_18.txt,18,8,6,219795.0,20916.612,215774.0,20864.594,0.018,4.802613902152254e-09,38213.2,3593.791,37182.0,3575.725,0.027,1.45764901421315e-08,4424.0,0.0,195.6,3.286,0.956,4.378487867286357e-14,1160.0,0.0,79.4,1.517,0.932,4.655602842783029e-13,215371.0,20916.612,215578.4,20866.053,-0.001,0.9994616458851592,37053.2,3593.791,37102.6,3576.545,-0.001,0.9981279007454015,1.0,18.0
30,3wise_19.txt,12,7,5,85957.4,7455.275,84137.0,7331.91,0.021,4.70325398616837e-06,15489.2,1327.778,15005.2,1290.498,0.031,7.114216547547798e-06,2163.0,0.0,137.8,4.382,0.936,2.6297188404585427e-12,595.0,0.0,56.4,1.949,0.905,2.059090608051399e-11,83794.4,7455.275,83999.2,7332.618,-0.002,0.9826614983284944,14894.2,1327.778,14948.8,1290.864,-0.004,0.9762974321502502,1.0,15.0
31,3wise_2.txt,16,10,8,378958.2,13964.71,380491.4,13037.536,-0.004,0.9704723693432795,63885.4,2427.73,63975.4,2219.861,-0.001,0.7312256993018392,6410.0,0.0,511.8,4.207,0.92,3.1063436897415394e-14,1610.0,0.0,181.4,1.517,0.887,1.524030583693293e-13,372548.2,13964.71,379979.6,13039.783,-0.02,0.999888322201198,62275.4,2427.73,63794.0,2220.738,-0.024,0.9998285864235132,1.0,24.0
32,3wise_20.txt,112,13,12,13118272.4,1785622.267,16165549.0,1995798.314,-0.232,0.9999453083941314,1317237.0,164479.692,1627173.2,184604.251,-0.235,0.9999499070355694,151775.0,0.0,51121.4,113.469,0.663,1.9381079989807762e-13,18941.0,0.0,6822.6,16.517,0.64,4.1408335039259076e-13,12966497.4,1785622.267,16114427.6,1995847.009,-0.243,0.999951903433126,1298296.0,164479.692,1620350.6,184609.755,-0.248,0.9999569702225709,1.0,35.0
33,3wise_3.txt,16,10,8,380757.6,12193.453,381230.8,10382.426,-0.001,0.6983539296722636,64520.2,2112.985,64393.4,1712.058,0.002,0.26329740340717245,6410.0,0.0,517.6,12.341,0.919,2.308923953816288e-12,1610.0,0.0,182.8,3.834,0.886,6.24989021225742e-12,374347.6,12193.453,380713.2,10389.546,-0.017,0.9991986311752774,62910.2,2112.985,64210.6,1713.465,-0.021,0.998980559739188,1.0,24.0
34,3wise_4.txt,64,17,15,13458903.0,2113835.501,13425148.6,2122998.274,0.003,0.0020813778035674935,1592663.2,212750.154,1586629.8,213746.722,0.004,0.0008025479132504116,122553.0,0.0,4119.8,436.766,0.966,2.2196042265395346e-11,18513.0,0.0,877.8,59.943,0.953,1.6018276295793654e-11,13336350.0,2113835.501,13421028.8,2123169.898,-0.006,0.9999371979607998,1574150.2,212750.154,1585752.0,213771.677,-0.007,0.9999369532433517,1.0,45.0
35,3wise_5.txt,12,7,5,79286.6,9129.988,77466.8,9092.382,0.023,9.873889182530912e-07,14299.6,1625.732,13820.0,1611.871,0.034,1.3888556215291747e-06,2163.0,0.0,143.6,4.45,0.934,2.828911800912014e-12,595.0,0.0,59.6,1.673,0.9,1.1449280228963444e-11,77123.6,9129.988,77323.2,9089.276,-0.003,0.9946919581686215,13704.6,1625.732,13760.4,1610.588,-0.004,0.9941100686111749,1.0,15.0
36,3wise_6.txt,12,7,5,82624.4,9131.813,80829.4,9076.826,0.022,6.22978804304061e-07,14895.8,1626.553,14420.4,1607.586,0.032,1.1836679571967627e-06,2163.0,0.0,134.4,6.465,0.938,1.2380615704786883e-11,595.0,0.0,55.6,1.949,0.907,2.04690227181436e-11,80461.4,9131.813,80695.0,9074.189,-0.003,0.9979371603425089,14300.8,1626.553,14364.8,1607.044,-0.004,0.9967908731699839,1.0,15.0
37,3wise_7.txt,32,13,11,2449071.8,305725.208,2489456.2,302342.278,-0.016,0.9998534353666606,309554.4,29978.401,313877.2,29420.633,-0.014,0.9998500442801147,33137.0,0.0,3884.4,494.636,0.883,9.806201053718108e-09,5421.0,0.0,752.6,67.671,0.861,5.296458035730912e-09,2415934.8,305725.208,2485571.8,302721.61,-0.029,0.9999822476166315,304133.4,29978.401,313124.6,29471.64,-0.03,0.9999918114623674,1.0,33.0
38,3wise_8.txt,8,5,4,15725.8,2151.545,14887.2,1775.487,0.053,0.03982572441177416,2977.6,397.238,2787.6,323.061,0.064,0.026240133974508088,705.0,0.0,145.2,3.701,0.794,2.2933243867254754e-10,205.0,0.0,53.2,1.304,0.74,6.530542859602555e-10,15020.8,2151.545,14742.0,1777.382,0.019,0.24067898323737164,2772.6,397.238,2734.4,323.418,0.014,0.3073094615267098,1.0,11.0
39,3wise_9.txt,36,12,9,2075259.8,72656.723,2055534.4,72312.643,0.01,5.458696872716382e-07,329790.8,10377.415,325277.4,10306.954,0.014,6.638972981617046e-07,22476.0,0.0,353.2,11.904,0.984,1.0059129664359524e-14,5196.0,0.0,139.0,3.162,0.973,1.834886498668059e-14,2052783.8,72656.723,2055181.2,72310.486,-0.001,0.9978684858248849,324594.8,10377.415,325138.4,10306.971,-0.002,0.9973991480616884,1.0,28.0
40,4wise_1.txt,16,7,5,126857.0,13896.943,120237.4,13532.919,0.052,0.029379401647664616,21516.8,2326.626,20192.8,2259.188,0.062,0.019064671517825378,3143.0,0.0,181.0,5.612,0.942,1.5468922294042048e-12,791.0,0.0,68.0,1.871,0.914,5.379727383082527e-12,123714.0,13896.943,120056.4,13530.372,0.03,0.11048693119647966,20725.8,2326.626,20124.8,2258.335,0.029,0.11912575073337514,1.0,15.0
41,4wise_10.txt,162,16,12,35013578.8,1856420.122,34803190.4,1854927.487,0.006,1.2255597338034332e-09,4878789.0,256723.467,4838227.6,256421.145,0.008,1.4676615189649872e-09,214288.0,0.0,534.6,22.064,0.998,1.3621666816406552e-17,41488.0,0.0,206.8,7.596,0.995,1.3756995640427104e-16,34799290.8,1856420.122,34802655.8,1854911.263,-0.0,0.9879244254582955,4837301.0,256723.467,4838020.8,256416.197,-0.0,0.9898425093580485,1.0,38.0
42,4wise_11.txt,16,8,5,201544.4,6.427,197987.0,70.612,0.018,1.4819551751877429e-08,34090.6,2.074,33225.4,17.3,0.025,1.3940525917176794e-08,4104.0,0.0,105.2,7.662,0.974,1.6170989275826435e-12,1032.0,0.0,46.2,2.49,0.955,4.884337613190319e-12,197440.4,6.427,197881.8,74.106,-0.002,0.9999252083178052,33058.6,2.074,33179.2,18.295,-0.004,0.9999539133728435,1.0,16.0
43,4wise_12.txt,288,20,17,170565483.4,19836456.949,170012693.4,19854113.831,0.003,9.066739126208845e-05,18017307.2,1811671.782,17940091.2,1814258.024,0.004,8.590263834932241e-05,859220.0,0.0,10450.2,1267.243,0.988,5.962924058428812e-13,115220.0,0.0,1894.0,158.195,0.984,4.556458343963705e-13,169706263.4,19836456.949,170002243.2,19854252.444,-0.002,0.9990225003604286,17902087.2,1811671.782,17938197.2,1814267.609,-0.002,0.9984583119195665,1.0,52.0
44,4wise_13.txt,84,16,13,16579442.2,1259994.711,16637882.2,1244041.935,-0.004,0.778239946617255,2006162.2,144526.64,2015200.2,143173.034,-0.005,0.766512332819093,137232.0,0.0,2964.2,25.322,0.978,1.5180314208506715e-16,21520.0,0.0,672.0,7.348,0.969,1.8522990341729278e-15,16442210.2,1259994.711,16634918.0,1244031.047,-0.012,0.9756178189710727,1984642.2,144526.64,2014528.2,143170.001,-0.015,0.9716709637624776,1.0,40.0
45,4wise_16.txt,96,15,13,17494452.2,1173126.742,17951420.4,1397091.943,-0.026,0.9463483896949048,2034716.2,123963.544,2092357.2,152587.902,-0.028,0.9536018413241342,173957.8,621.243,27480.8,2492.668,0.842,5.860759983038744e-09,25418.2,138.574,4367.2,345.265,0.828,1.4680338438321203e-08,17320494.4,1172893.383,17923939.6,1396152.631,-0.035,0.973854238448719,2009298.0,123920.12,2087990.0,152505.327,-0.039,0.9799806643621757,3.0,45.0
46,4wise_17.txt,224,15,13,47547556.333,2253067.055,49247213.667,2354304.004,-0.036,0.9635200594874819,4541263.333,173893.232,4720836.667,177578.85,-0.04,0.9704580728191606,429315.0,0.0,55009.333,6618.355,0.872,5.2098854427012874e-05,50415.0,0.0,7260.333,721.194,0.856,4.654116423143264e-05,47118241.333,2253067.055,49192204.333,2353742.456,-0.044,0.9749655497313031,4490848.333,173893.232,4713576.333,177522.906,-0.05,0.9805248948446954,1.0,39.0
47,4wise_18.txt,64,15,12,9966392.8,944477.639,9957158.8,948018.921,0.001,0.06964977120483073,1177613.4,92830.135,1174882.4,92834.868,0.002,0.006906483033726193,95415.0,0.0,3823.4,411.512,0.96,4.8896223516222894e-11,14415.0,0.0,758.4,56.721,0.947,3.570952046614287e-11,9870977.8,944477.639,9953335.4,947916.037,-0.008,0.999961241636116,1163198.4,92830.135,1174124.0,92824.538,-0.009,0.9999649656079628,1.0,37.0
48,4wise_19.txt,16,8,5,201539.0,7.746,197784.6,230.207,0.019,1.5596181024662509e-06,34087.8,2.775,33171.0,58.622,0.027,1.762728533696177e-06,4104.0,0.0,109.8,8.044,0.973,1.9736413233578526e-12,1032.0,0.0,47.4,2.793,0.954,7.768308543264362e-12,197435.0,7.746,197674.8,230.731,-0.001,0.9616778834666057,33055.8,2.775,33123.6,59.319,-0.002,0.9711866595347498,1.0,16.0
49,4wise_2.txt,56,15,12,8847323.0,914103.061,8869798.2,1027763.177,-0.003,0.5933640509566757,1084053.6,89914.808,1086909.8,101591.02,-0.003,0.5978919480854947,78315.0,0.0,2882.2,13.046,0.963,1.0736418349215734e-16,12615.0,0.0,640.8,5.07,0.949,3.85532822751657e-15,8769008.0,914103.061,8866916.0,1027762.019,-0.011,0.8332581410224343,1071438.6,89914.808,1086269.0,101591.659,-0.014,0.879483347560787,1.0,37.0
50,4wise_20.txt,52,13,11,4995070.2,290484.22,5114600.0,279043.44,-0.024,0.9991297311316758,628041.4,31440.416,643623.0,29646.341,-0.025,0.9991845842924931,52741.0,0.0,5394.2,19.524,0.898,3.4699594831593072e-15,8801.0,0.0,1102.4,5.413,0.875,2.9327103984497947e-14,4942329.2,290484.22,5109205.8,279039.469,-0.034,0.9997574124271479,619240.4,31440.416,642520.6,29645.65,-0.038,0.9998253923884306,1.0,33.0
51,4wise_3.txt,24,8,6,333314.4,55647.79,322867.0,54356.997,0.031,0.046617067547533336,54700.2,9041.196,52552.2,8804.687,0.039,0.0279542842717328,6408.0,0.0,234.6,5.727,0.963,8.888546826057239e-14,1544.0,0.0,89.2,2.387,0.942,8.703946809250262e-13,326906.4,55647.79,322632.4,54359.792,0.013,0.20995660110462863,53156.2,9041.196,52463.0,8805.908,0.013,0.21865654987231767,1.0,18.0
52,4wise_4.txt,56,15,12,8845240.2,443942.853,8868240.0,439412.497,-0.003,0.7382874812191224,1083057.8,39706.611,1085998.8,40303.936,-0.003,0.693787616655684,78315.0,0.0,2889.8,12.133,0.963,8.03398412638854e-17,12615.0,0.0,643.8,3.834,0.949,1.2625980378535466e-15,8766925.2,443942.853,8865350.2,439420.635,-0.011,0.9798079484580704,1070442.8,39706.611,1085355.0,40306.798,-0.014,0.9751487635344502,1.0,37.0
53,4wise_5.txt,36,10,7,1186284.8,88109.663,1171532.8,87706.731,0.012,4.481052649540031e-07,188441.4,13824.883,185072.4,13726.802,0.018,5.211165928641012e-07,15610.0,0.0,226.0,5.701,0.986,2.2629283512913446e-15,3610.0,0.0,91.6,1.949,0.975,1.1307521272963882e-14,1170674.8,88109.663,1171306.8,87705.801,-0.001,0.9528242587138324,184831.4,13824.883,184980.8,13726.251,-0.001,0.9520701129222722,1.0,22.0
54,4wise_6.txt,24,9,6,486526.2,41811.498,479321.2,41615.749,0.015,1.5854862957569587e-06,79709.6,6764.01,78010.0,6710.751,0.021,1.8934321823221813e-06,8109.0,0.0,165.8,8.526,0.98,1.593189405697474e-13,1953.0,0.0,69.0,2.739,0.965,5.357706951178348e-13,478417.2,41811.498,479155.4,41609.957,-0.002,0.9904955259860307,77756.6,6764.01,77941.0,6709.359,-0.002,0.9909858272988967,1.0,19.0
55,4wise_7.txt,144,16,14,38360372.2,4965668.316,37506350.0,4738142.362,0.022,0.0773740048732986,4325444.6,504699.162,4241112.2,483184.4,0.019,0.09894348633350594,295567.2,1420.279,27059.2,1094.051,0.908,2.64361213360102e-11,42403.2,127.903,4302.2,104.994,0.899,1.0661656436597546e-11,38064805.0,4966441.391,37479290.8,4738779.456,0.015,0.1481285721678606,4283041.4,504741.133,4236810.0,483244.065,0.011,0.22275661171204977,3.0,49.0
56,4wise_8.txt,52,12,11,3706935.2,361332.086,4063760.4,413292.864,-0.096,0.9986513237311142,467578.4,41654.541,511761.4,46886.543,-0.094,0.9985787279164702,44940.0,0.0,14397.4,15.241,0.68,7.441414625730755e-15,7500.0,0.0,2635.4,3.647,0.649,3.7904926657009436e-14,3661995.2,361332.086,4049363.0,413304.081,-0.106,0.999007653710927,460078.4,41654.541,509126.0,46889.257,-0.107,0.9990375311439259,1.0,32.0
57,4wise_9.txt,56,15,12,8554482.6,583040.401,8495378.8,462941.136,0.007,0.1705415339755131,1056854.8,61894.041,1048781.6,48206.147,0.008,0.13326440735745937,78315.0,0.0,2876.8,12.317,0.963,8.526820543497915e-17,12615.0,0.0,640.4,1.673,0.949,4.5756546337300885e-17,8476167.6,583040.401,8492502.0,462943.439,-0.002,0.6098597836008873,1044239.8,61894.041,1048141.2,48206.162,-0.004,0.7166204820774387,1.0,37.0
58,5wise_1.txt,120,15,12,22689355.2,2300549.453,22758542.0,2476253.84,-0.003,0.7321623219823508,2579823.2,217787.627,2584132.4,234509.349,-0.002,0.6290559376175807,186315.0,0.0,6913.6,370.521,0.963,2.183366800593662e-12,27015.0,0.0,1304.6,47.669,0.952,1.417996826293947e-12,22503040.2,2300549.453,22751628.4,2476443.729,-0.011,0.9640138759536384,2552808.2,217787.627,2582827.8,234536.772,-0.012,0.9650683490709221,1.0,37.0
59,5wise_10.txt,216,17,12,61435633.2,2955863.559,61101248.2,2956170.624,0.005,4.102687920129542e-09,8204737.8,390578.386,8144152.2,390637.504,0.007,3.959860144674395e-09,343349.0,0.0,513.0,18.317,0.999,9.777337707341551e-19,62441.0,0.0,197.4,5.177,0.997,5.7421167395957216e-18,61092284.2,2955863.559,61100735.2,2956185.581,-0.0,0.9929024091904061,8142296.8,390578.386,8143954.8,390642.199,-0.0,0.9947405026939893,1.0,39.0
60,5wise_11.txt,32,10,6,1055998.6,16.072,1042652.6,924.316,0.013,2.620933763061123e-06,163757.8,5.805,160829.4,207.498,0.018,2.7854821399982105e-06,14410.0,0.0,146.0,19.196,0.99,3.9363151435438593e-13,3210.0,0.0,62.0,5.701,0.981,1.2906461023546269e-12,1041588.6,16.072,1042506.6,930.481,-0.001,0.9552636217544879,160547.8,5.805,160767.4,209.426,-0.001,0.9623929843360023,1.0,20.0
61,5wise_13.txt,48,12,9,3048809.6,229180.683,3026890.6,230691.69,0.007,3.4048800550849193e-05,439103.6,33896.133,434677.2,34142.485,0.01,2.480411416737159e-05,34572.0,0.0,883.0,18.207,0.974,1.0237541206956742e-14,6924.0,0.0,271.0,6.124,0.961,8.613371859387314e-14,3014237.6,229180.683,3026007.6,230703.256,-0.004,0.9996096617921292,432179.6,33896.133,434406.2,34146.217,-0.005,0.9996297095845786,1.0,28.0
62,5wise_16.txt,96,15,11,15481251.0,637160.394,15381398.8,633956.086,0.006,4.2031406807945473e-07,2157692.0,87292.003,2138573.0,86630.585,0.009,5.815662765403511e-07,111615.0,0.0,695.2,17.427,0.994,7.311971740859174e-17,21615.0,0.0,246.8,4.764,0.989,2.9659318792698903e-16,15369636.0,637160.394,15380703.6,633964.743,-0.001,0.9976969181272476,2136077.0,87292.003,2138326.2,86633.105,-0.001,0.9975054506506967,1.0,35.0
63,5wise_17.txt,168,18,14,63851491.6,5726205.306,63562108.2,5729000.651,0.005,9.339524394591529e-08,7189867.4,567407.453,7148026.0,567870.78,0.006,9.310552141002531e-08,374562.0,0.0,3039.2,7.563,0.992,2.0607789937406877e-20,54450.0,0.0,695.0,3.162,0.987,1.4371621778950334e-18,63476929.6,5726205.306,63559069.0,5728999.856,-0.001,0.9999858187557327,7135417.4,567407.453,7147331.0,567871.875,-0.002,0.9999860317015277,1.0,44.0
64,5wise_18.txt,48,11,7,2278560.8,164211.971,2253502.0,163285.533,0.011,8.674220535525191e-07,343748.6,24411.447,338439.6,24197.32,0.015,1.1133702529028775e-06,27115.0,0.0,211.8,13.7,0.992,8.070378066944477e-15,5819.0,0.0,86.0,4.637,0.985,5.134876703842498e-14,2251445.8,164211.971,2253290.2,163289.982,-0.001,0.9828849178266028,337929.6,24411.447,338353.6,24198.726,-0.001,0.9837218508815238,1.0,23.0
65,5wise_2.txt,112,16,13,25437729.2,1495477.99,25481090.0,1463552.467,-0.002,0.7568604706535111,2927858.0,145331.506,2929074.0,144422.956,-0.0,0.5564365192473844,192528.0,0.0,7525.6,30.088,0.961,8.395698258541281e-17,28688.0,0.0,1479.8,7.662,0.948,7.544981119953249e-16,25245201.2,1495477.99,25473564.4,1463560.426,-0.009,0.9921692614849371,2899170.0,145331.506,2927594.2,144424.733,-0.01,0.9879448554867709,1.0,40.0
66,5wise_20.txt,72,13,10,6029711.0,478903.966,5981635.8,475421.703,0.008,4.02744614287417e-06,844179.4,66651.169,834919.8,65955.859,0.011,4.977571501456232e-06,62881.0,0.0,959.8,8.438,0.985,4.137935968126149e-17,12181.0,0.0,298.2,2.683,0.976,3.120118288967944e-16,5966830.0,478903.966,5980676.0,475423.005,-0.002,0.9994618233699025,831998.4,66651.169,834621.6,65956.759,-0.003,0.9992990472905303,1.0,31.0
67,5wise_3.txt,288,20,15,136351899.6,3789098.889,135726025.0,3788746.222,0.005,4.4755033089731454e-08,17508161.6,452237.453,17401546.0,452436.384,0.006,3.8330387962056105e-08,672020.0,0.0,953.2,21.684,0.999,1.3082281257416825e-19,115220.0,0.0,338.4,5.771,0.997,7.639550560197089e-19,135679879.6,3789098.889,135725071.8,3788761.921,-0.0,0.9985778440194462,17392941.6,452237.453,17401207.6,452441.247,-0.0,0.9990547890669275,1.0,48.0
68,5wise_6.txt,48,11,7,2278564.4,164220.094,2252878.2,163911.268,0.011,4.082279611898658e-08,343749.4,24414.368,338300.0,24341.092,0.016,5.1097355491133554e-08,27115.0,0.0,219.6,12.178,0.992,5.043724991185604e-15,5819.0,0.0,89.2,4.55,0.985,4.7704980156062815e-14,2251449.4,164220.094,2252658.6,163914.069,-0.001,0.9942546831985756,337930.4,24414.368,338210.8,24342.633,-0.001,0.9949659145542653,1.0,23.0
69,5wise_7.txt,32,10,6,1056004.2,9.524,1042970.6,121.685,0.012,1.012481077398959e-09,163759.6,2.881,160901.8,29.895,0.017,1.526498791518887e-09,14410.0,0.0,149.2,8.955,0.99,1.8661828652502645e-14,3210.0,0.0,63.8,3.194,0.98,1.274194382210371e-13,1041594.2,9.524,1042821.4,125.307,-0.001,0.9999858026715231,160549.6,2.881,160838.0,31.448,-0.002,0.9999823204078166,1.0,20.0
70,5wise_8.txt,112,16,13,25635109.8,2738337.935,25591781.0,2817924.508,0.002,0.3851077341537183,2951445.8,288338.987,2945542.6,295391.581,0.002,0.3578723824695723,192528.0,0.0,7527.4,50.585,0.961,6.707510159592383e-16,28688.0,0.0,1478.8,12.256,0.948,4.939214672115986e-15,25442581.8,2738337.935,25584253.6,2817953.412,-0.006,0.817735467198736,2922757.8,288338.987,2944063.8,295396.91,-0.007,0.8844915311200253,1.0,40.0
71,5wise_9.txt,64,14,10,7269893.6,243077.854,7216899.8,243121.792,0.007,2.6662500576799653e-08,1045319.8,32541.018,1034847.2,32508.992,0.01,4.440841287818533e-08,62734.0,0.0,612.6,26.661,0.99,4.071093145666055e-15,12558.0,0.0,218.8,8.319,0.983,2.478820947723654e-14,7207159.6,243077.854,7216287.2,243141.725,-0.001,0.9999692896267294,1032761.8,32541.018,1034628.4,32515.216,-0.002,0.9999552030906784,1.0,32.0
72,6wise_1.txt,64,10,7,2317009.8,228765.864,2235233.2,271418.326,0.035,0.03523798533824375,333070.8,32771.65,319561.6,39108.292,0.041,0.026642491873619518,32010.0,0.0,334.4,12.381,0.99,2.80134157727332e-15,6410.0,0.0,118.8,3.701,0.981,1.4377660111606523e-14,2284999.8,228765.864,2234898.8,271409.741,0.022,0.10390738307454797,326660.8,32771.65,319442.8,39105.802,0.022,0.11027643759138973,1.0,22.0
73,6wise_10.txt,192,17,12,51859284.2,2975678.618,51565143.6,2969117.659,0.006,1.729710539043612e-07,6780207.8,368015.148,6728638.8,366868.011,0.008,1.8007708181980437e-07,314449.0,0.0,758.6,13.409,0.998,4.00641292044347e-19,55505.0,0.0,269.6,5.727,0.995,1.3869439601611441e-17,51544835.2,2975678.618,51564385.0,2969118.406,-0.0,0.9936195010967898,6724702.8,368015.148,6728369.2,366869.114,-0.001,0.9947674728255376,1.0,39.0
74,6wise_17.txt,224,19,14,110166695.0,1141623.78,109057066.2,2497068.316,0.01,0.10796336600252172,11953336.2,117094.537,11833134.4,284896.632,0.01,0.1151522478441512,583395.0,0.0,3015.4,40.16,0.995,2.7510198081439936e-18,80883.0,0.0,684.2,8.167,0.992,1.2905101587807284e-17,109583300.0,1141623.78,109054050.8,2497076.063,0.005,0.2611527797956506,11872453.2,117094.537,11832450.2,284898.042,0.003,0.33124653076244565,1.0,45.0
75,6wise_6.txt,64,12,7,4693641.8,34.412,4649969.0,1948.185,0.009,4.4861088575404416e-07,673701.2,10.592,665018.8,399.536,0.013,4.917196353623223e-07,46092.0,0.0,194.6,21.767,0.996,6.070422116074405e-15,9228.0,0.0,79.8,6.34,0.991,2.7687928917845583e-14,4647549.8,34.412,4649774.4,1940.36,-0.0,0.9699590799895706,664473.2,10.592,664939.0,397.557,-0.001,0.9723446840357334,1.0,24.0
76,7wise_1.txt,128,13,8,14308053.4,878019.153,14201451.2,874167.795,0.007,5.834005955802837e-07,1913982.2,117037.757,1894687.4,116314.729,0.01,6.495561204944216e-07,118989.0,0.0,300.2,18.606,0.997,7.247636494104776e-17,21645.0,0.0,114.0,6.0,0.995,7.23651386939874e-16,14189064.4,878019.153,14201151.0,874159.292,-0.001,0.9971369323215135,1892337.2,117037.757,1894573.4,116310.891,-0.001,0.9970686153371048,1.0,27.0
77,7wise_11.txt,128,14,8,18581960.4,35.175,18457624.8,1320.113,0.007,1.5502498239484167e-09,2485189.4,10.065,2462683.8,236.984,0.009,1.5222722954619011e-09,137998.0,0.0,233.6,14.45,0.998,1.452426646646344e-17,25102.0,0.0,95.4,4.98,0.996,1.8874088868981686e-16,18443962.4,35.175,18457391.2,1318.68,-0.001,0.9999888050425738,2460087.4,10.065,2462588.4,235.852,-0.001,0.9999903287861025,1.0,28.0
78,7wise_14.txt,192,15,9,37111118.0,1903678.671,36881603.4,1894419.583,0.006,9.973137889830794e-07,4848754.0,244519.782,4808412.6,242865.25,0.008,1.0913473483736614e-06,244815.0,0.0,304.8,4.817,0.999,1.8070463494660708e-20,43215.0,0.0,121.8,3.114,0.997,3.2740833528691444e-18,36866303.0,1903678.671,36881298.6,1894423.41,-0.0,0.9734858982883081,4805539.0,244519.782,4808290.8,242868.173,-0.001,0.9750198408933997,1.0,31.0
79,7wise_4.txt,256,18,12,90660252.6,3079661.324,90203452.2,3075511.01,0.005,4.2568947511317625e-07,11373561.8,382803.464,11298071.0,381967.591,0.007,5.266678333853929e-07,497682.0,0.0,713.4,16.009,0.999,1.2922979626394906e-19,82962.0,0.0,254.0,5.339,0.997,2.082959794999835e-18,90162570.6,3079661.324,90202738.8,3075501.853,-0.0,0.9947061039796393,11290599.8,382803.464,11297817.0,381964.434,-0.001,0.9952311005438974,1.0,40.0
80,7wise_6.txt,256,18,12,93000263.4,3812414.346,92543157.8,3817382.354,0.005,6.838407852298635e-07,11655695.2,462190.009,11580059.2,463222.552,0.006,6.555739562028975e-07,497682.0,0.0,712.6,21.256,0.999,4.0156430691998096e-19,82962.0,0.0,254.4,4.615,0.997,1.1634796090754012e-18,92502581.4,3812414.346,92542445.2,3817373.29,-0.0,0.9918690298794434,11572733.2,462190.009,11579804.8,463222.401,-0.001,0.993791981831393,1.0,40.0
81,8wise_1.txt,256,14,9,42590079.4,2725021.781,41655265.4,2368971.75,0.022,0.039272416622146054,5336649.8,340228.712,5203426.8,294590.533,0.025,0.0322039987955615,301070.0,0.0,443.4,25.919,0.999,6.630581540461959e-18,50190.0,0.0,160.2,6.87,0.997,4.267270421335437e-17,42289009.4,2725021.781,41654822.0,2368966.361,0.015,0.09307452017204901,5286459.8,340228.712,5203266.6,294589.006,0.016,0.09437425145356501,1.0,30.0
